ExpenseDate,ExpenseType,Amount_VND
2024-01-01,Lương nhân viên,27169533
2024-01-02,Lương nhân viên,27232501
2024-01-03,Lương nhân viên,26474591
2024-01-04,Lương nhân viên,28850632
2024-01-05,Lương nhân viên,26444553
2024-01-06,Lương nhân viên,24531494
2024-01-07,Lương nhân viên,27374554
2024-01-08,Lương nhân viên,26936723
2024-01-09,Lương nhân viên,28736122
2024-01-10,Lương nhân viên,25207700
2024-01-11,Lương nhân viên,29007097
2024-01-12,Lương nhân viên,24062206
2024-01-13,Lương nhân viên,28147996
2024-01-14,Lương nhân viên,24512146
2024-01-15,Lương nhân viên,24567889
2024-01-16,Lương nhân viên,25043203
2024-01-17,Lương nhân viên,27232677
2024-01-18,Lương nhân viên,24708274
2024-01-19,Lương nhân viên,27490999
2024-01-20,Lương nhân viên,23826149
2024-01-21,Lương nhân viên,26768148
2024-01-22,Lương nhân viên,24826907
2024-01-23,Lương nhân viên,25567097
2024-01-24,Lương nhân viên,25307406
2024-01-25,Lương nhân viên,26670789
2024-01-26,Lương nhân viên,25991475
2024-01-27,Lương nhân viên,26746838
2024-01-28,Lương nhân viên,25544454
2024-01-29,Lương nhân viên,27855755
2024-01-30,Lương nhân viên,25591446
2024-01-31,Lương nhân viên,28458670
2024-02-01,Lương nhân viên,30178588
2024-02-02,Lương nhân viên,30060496
2024-02-03,Lương nhân viên,27823209
2024-02-04,Lương nhân viên,25688725
2024-02-05,Lương nhân viên,27493542
2024-02-06,Lương nhân viên,25554653
2024-02-07,Lương nhân viên,30223901
2024-02-08,Lương nhân viên,26047081
2024-02-09,Lương nhân viên,28096292
2024-02-10,Lương nhân viên,27882166
2024-02-11,Lương nhân viên,25512836
2024-02-12,Lương nhân viên,29809681
2024-02-13,Lương nhân viên,26822445
2024-02-14,Lương nhân viên,28852781
2024-02-15,Lương nhân viên,30378177
2024-02-16,Lương nhân viên,28734536
2024-02-17,Lương nhân viên,28170218
2024-02-18,Lương nhân viên,28872119
2024-02-19,Lương nhân viên,28520235
2024-02-20,Lương nhân viên,30291883
2024-02-21,Lương nhân viên,28855328
2024-02-22,Lương nhân viên,25750539
2024-02-23,Lương nhân viên,26594086
2024-02-24,Lương nhân viên,26070253
2024-02-25,Lương nhân viên,28410803
2024-02-26,Lương nhân viên,26206824
2024-02-27,Lương nhân viên,31014059
2024-02-28,Lương nhân viên,25430258
2024-02-29,Lương nhân viên,25670734
2024-03-01,Lương nhân viên,25864426
2024-03-02,Lương nhân viên,26761583
2024-03-03,Lương nhân viên,25668672
2024-03-04,Lương nhân viên,27356493
2024-03-05,Lương nhân viên,25211458
2024-03-06,Lương nhân viên,24169344
2024-03-07,Lương nhân viên,24955290
2024-03-08,Lương nhân viên,27384056
2024-03-09,Lương nhân viên,23982179
2024-03-10,Lương nhân viên,26111309
2024-03-11,Lương nhân viên,28594570
2024-03-12,Lương nhân viên,28260543
2024-03-13,Lương nhân viên,27019801
2024-03-14,Lương nhân viên,28427530
2024-03-15,Lương nhân viên,25578836
2024-03-16,Lương nhân viên,25794466
2024-03-17,Lương nhân viên,28003378
2024-03-18,Lương nhân viên,24651401
2024-03-19,Lương nhân viên,25004930
2024-03-20,Lương nhân viên,28950947
2024-03-21,Lương nhân viên,24936403
2024-03-22,Lương nhân viên,26866893
2024-03-23,Lương nhân viên,25643694
2024-03-24,Lương nhân viên,24055596
2024-03-25,Lương nhân viên,24572572
2024-03-26,Lương nhân viên,28177924
2024-03-27,Lương nhân viên,28090522
2024-03-28,Lương nhân viên,26155771
2024-03-29,Lương nhân viên,28153097
2024-03-30,Lương nhân viên,24209429
2024-03-31,Lương nhân viên,24198667
2024-04-01,Lương nhân viên,27620266
2024-04-02,Lương nhân viên,27313359
2024-04-03,Lương nhân viên,28488477
2024-04-04,Lương nhân viên,26341788
2024-04-05,Lương nhân viên,27499017
2024-04-06,Lương nhân viên,25568201
2024-04-07,Lương nhân viên,26316296
2024-04-08,Lương nhân viên,27302398
2024-04-09,Lương nhân viên,26940916
2024-04-10,Lương nhân viên,25311963
2024-04-11,Lương nhân viên,25495050
2024-04-12,Lương nhân viên,26505572
2024-04-13,Lương nhân viên,24700163
2024-04-14,Lương nhân viên,29142279
2024-04-15,Lương nhân viên,29184257
2024-04-16,Lương nhân viên,29029947
2024-04-17,Lương nhân viên,26863619
2024-04-18,Lương nhân viên,27058359
2024-04-19,Lương nhân viên,29557102
2024-04-20,Lương nhân viên,25620755
2024-04-21,Lương nhân viên,29615303
2024-04-22,Lương nhân viên,29873659
2024-04-23,Lương nhân viên,27168669
2024-04-24,Lương nhân viên,30007999
2024-04-25,Lương nhân viên,29620659
2024-04-26,Lương nhân viên,26460405
2024-04-27,Lương nhân viên,24665266
2024-04-28,Lương nhân viên,27527405
2024-04-29,Lương nhân viên,25317361
2024-04-30,Lương nhân viên,29292314
2024-05-01,Lương nhân viên,27318054
2024-05-02,Lương nhân viên,28168805
2024-05-03,Lương nhân viên,24446912
2024-05-04,Lương nhân viên,25556563
2024-05-05,Lương nhân viên,24650757
2024-05-06,Lương nhân viên,28603880
2024-05-07,Lương nhân viên,26145637
2024-05-08,Lương nhân viên,25260163
2024-05-09,Lương nhân viên,28137660
2024-05-10,Lương nhân viên,28286791
2024-05-11,Lương nhân viên,27313684
2024-05-12,Lương nhân viên,26819847
2024-05-13,Lương nhân viên,25543914
2024-05-14,Lương nhân viên,25627592
2024-05-15,Lương nhân viên,25862432
2024-05-16,Lương nhân viên,28007137
2024-05-17,Lương nhân viên,24442829
2024-05-18,Lương nhân viên,24632126
2024-05-19,Lương nhân viên,28194819
2024-05-20,Lương nhân viên,28192785
2024-05-21,Lương nhân viên,25998466
2024-05-22,Lương nhân viên,25580130
2024-05-23,Lương nhân viên,24596568
2024-05-24,Lương nhân viên,26487955
2024-05-25,Lương nhân viên,28640036
2024-05-26,Lương nhân viên,25172047
2024-05-27,Lương nhân viên,25518681
2024-05-28,Lương nhân viên,28454198
2024-05-29,Lương nhân viên,24561344
2024-05-30,Lương nhân viên,28391968
2024-05-31,Lương nhân viên,27752370
2024-06-01,Lương nhân viên,24805407
2024-06-02,Lương nhân viên,29169484
2024-06-03,Lương nhân viên,28537052
2024-06-04,Lương nhân viên,27619103
2024-06-05,Lương nhân viên,25256145
2024-06-06,Lương nhân viên,29030246
2024-06-07,Lương nhân viên,29765904
2024-06-08,Lương nhân viên,27307583
2024-06-09,Lương nhân viên,28286657
2024-06-10,Lương nhân viên,27017086
2024-06-11,Lương nhân viên,25788216
2024-06-12,Lương nhân viên,29534376
2024-06-13,Lương nhân viên,25425108
2024-06-14,Lương nhân viên,26983428
2024-06-15,Lương nhân viên,29829002
2024-06-16,Lương nhân viên,26091041
2024-06-17,Lương nhân viên,28316180
2024-06-18,Lương nhân viên,26176554
2024-06-19,Lương nhân viên,29726873
2024-06-20,Lương nhân viên,29503315
2024-06-21,Lương nhân viên,25016861
2024-06-22,Lương nhân viên,29476355
2024-06-23,Lương nhân viên,27434760
2024-06-24,Lương nhân viên,25400320
2024-06-25,Lương nhân viên,27069906
2024-06-26,Lương nhân viên,29961807
2024-06-27,Lương nhân viên,26632795
2024-06-28,Lương nhân viên,28411937
2024-06-29,Lương nhân viên,26969200
2024-06-30,Lương nhân viên,27682230
2024-07-01,Lương nhân viên,24715552
2024-07-02,Lương nhân viên,24090740
2024-07-03,Lương nhân viên,25137856
2024-07-04,Lương nhân viên,26136651
2024-07-05,Lương nhân viên,25003255
2024-07-06,Lương nhân viên,27384514
2024-07-07,Lương nhân viên,25682737
2024-07-08,Lương nhân viên,25054997
2024-07-09,Lương nhân viên,24825355
2024-07-10,Lương nhân viên,27010736
2024-07-11,Lương nhân viên,26557256
2024-07-12,Lương nhân viên,25480114
2024-07-13,Lương nhân viên,25892637
2024-07-14,Lương nhân viên,24869339
2024-07-15,Lương nhân viên,27146240
2024-07-16,Lương nhân viên,27391774
2024-07-17,Lương nhân viên,27753104
2024-07-18,Lương nhân viên,25059466
2024-07-19,Lương nhân viên,27655995
2024-07-20,Lương nhân viên,25783570
2024-07-21,Lương nhân viên,25439172
2024-07-22,Lương nhân viên,27660063
2024-07-23,Lương nhân viên,28978180
2024-07-24,Lương nhân viên,25713553
2024-07-25,Lương nhân viên,26916664
2024-07-26,Lương nhân viên,28798021
2024-07-27,Lương nhân viên,26588168
2024-07-28,Lương nhân viên,24906145
2024-07-29,Lương nhân viên,24011703
2024-07-30,Lương nhân viên,26656752
2024-07-31,Lương nhân viên,23919458
2024-08-01,Lương nhân viên,26280721
2024-08-02,Lương nhân viên,29046505
2024-08-03,Lương nhân viên,24657699
2024-08-04,Lương nhân viên,25277367
2024-08-05,Lương nhân viên,25782741
2024-08-06,Lương nhân viên,24192520
2024-08-07,Lương nhân viên,27850022
2024-08-08,Lương nhân viên,28912178
2024-08-09,Lương nhân viên,27865708
2024-08-10,Lương nhân viên,27443887
2024-08-11,Lương nhân viên,28429715
2024-08-12,Lương nhân viên,27981101
2024-08-13,Lương nhân viên,28763097
2024-08-14,Lương nhân viên,25027953
2024-08-15,Lương nhân viên,26057315
2024-08-16,Lương nhân viên,26588399
2024-08-17,Lương nhân viên,26522287
2024-08-18,Lương nhân viên,25176127
2024-08-19,Lương nhân viên,29065322
2024-08-20,Lương nhân viên,25594299
2024-08-21,Lương nhân viên,28699466
2024-08-22,Lương nhân viên,27822386
2024-08-23,Lương nhân viên,25517814
2024-08-24,Lương nhân viên,28119642
2024-08-25,Lương nhân viên,28941484
2024-08-26,Lương nhân viên,27716216
2024-08-27,Lương nhân viên,26059579
2024-08-28,Lương nhân viên,24652053
2024-08-29,Lương nhân viên,28152117
2024-08-30,Lương nhân viên,24458680
2024-08-31,Lương nhân viên,26850368
2024-09-01,Lương nhân viên,27361381
2024-09-02,Lương nhân viên,28167514
2024-09-03,Lương nhân viên,26631940
2024-09-04,Lương nhân viên,29556706
2024-09-05,Lương nhân viên,25403938
2024-09-06,Lương nhân viên,27205452
2024-09-07,Lương nhân viên,27128061
2024-09-08,Lương nhân viên,25747735
2024-09-09,Lương nhân viên,27987352
2024-09-10,Lương nhân viên,25459505
2024-09-11,Lương nhân viên,27008801
2024-09-12,Lương nhân viên,24613753
2024-09-13,Lương nhân viên,24806481
2024-09-14,Lương nhân viên,26789831
2024-09-15,Lương nhân viên,27233295
2024-09-16,Lương nhân viên,26144007
2024-09-17,Lương nhân viên,28587366
2024-09-18,Lương nhân viên,26903436
2024-09-19,Lương nhân viên,27372318
2024-09-20,Lương nhân viên,28032098
2024-09-21,Lương nhân viên,26291509
2024-09-22,Lương nhân viên,24902294
2024-09-23,Lương nhân viên,28793786
2024-09-24,Lương nhân viên,27361957
2024-09-25,Lương nhân viên,24667869
2024-09-26,Lương nhân viên,26290060
2024-09-27,Lương nhân viên,29609278
2024-09-28,Lương nhân viên,28899119
2024-09-29,Lương nhân viên,28999337
2024-09-30,Lương nhân viên,29797030
2024-10-01,Lương nhân viên,28097410
2024-10-02,Lương nhân viên,24555347
2024-10-03,Lương nhân viên,26616931
2024-10-04,Lương nhân viên,24429789
2024-10-05,Lương nhân viên,24612859
2024-10-06,Lương nhân viên,28005249
2024-10-07,Lương nhân viên,25344309
2024-10-08,Lương nhân viên,27782432
2024-10-09,Lương nhân viên,25471943
2024-10-10,Lương nhân viên,24716768
2024-10-11,Lương nhân viên,28822095
2024-10-12,Lương nhân viên,24167469
2024-10-13,Lương nhân viên,24825431
2024-10-14,Lương nhân viên,24895258
2024-10-15,Lương nhân viên,25592895
2024-10-16,Lương nhân viên,24447580
2024-10-17,Lương nhân viên,26730945
2024-10-18,Lương nhân viên,28597341
2024-10-19,Lương nhân viên,25138496
2024-10-20,Lương nhân viên,25598235
2024-10-21,Lương nhân viên,27322882
2024-10-22,Lương nhân viên,28803742
2024-10-23,Lương nhân viên,25662872
2024-10-24,Lương nhân viên,24521163
2024-10-25,Lương nhân viên,26514330
2024-10-26,Lương nhân viên,25539229
2024-10-27,Lương nhân viên,24638289
2024-10-28,Lương nhân viên,26796979
2024-10-29,Lương nhân viên,27884929
2024-10-30,Lương nhân viên,26751411
2024-10-31,Lương nhân viên,24654887
2024-11-01,Lương nhân viên,24874526
2024-11-02,Lương nhân viên,25326128
2024-11-03,Lương nhân viên,28102293
2024-11-04,Lương nhân viên,28180436
2024-11-05,Lương nhân viên,28688061
2024-11-06,Lương nhân viên,27286862
2024-11-07,Lương nhân viên,26429782
2024-11-08,Lương nhân viên,25210578
2024-11-09,Lương nhân viên,25946086
2024-11-10,Lương nhân viên,26011247
2024-11-11,Lương nhân viên,25967209
2024-11-12,Lương nhân viên,26342797
2024-11-13,Lương nhân viên,28652079
2024-11-14,Lương nhân viên,26432685
2024-11-15,Lương nhân viên,28853334
2024-11-16,Lương nhân viên,27410680
2024-11-17,Lương nhân viên,29424688
2024-11-18,Lương nhân viên,24849282
2024-11-19,Lương nhân viên,25758116
2024-11-20,Lương nhân viên,29811617
2024-11-21,Lương nhân viên,28023198
2024-11-22,Lương nhân viên,26615586
2024-11-23,Lương nhân viên,28724086
2024-11-24,Lương nhân viên,29458367
2024-11-25,Lương nhân viên,29905621
2024-11-26,Lương nhân viên,26949219
2024-11-27,Lương nhân viên,26743895
2024-11-28,Lương nhân viên,28520283
2024-11-29,Lương nhân viên,26822076
2024-11-30,Lương nhân viên,27359139
2024-12-01,Lương nhân viên,28034362
2024-12-02,Lương nhân viên,25732808
2024-12-03,Lương nhân viên,24311709
2024-12-04,Lương nhân viên,24994642
2024-12-05,Lương nhân viên,26757794
2024-12-06,Lương nhân viên,24282936
2024-12-07,Lương nhân viên,28483256
2024-12-08,Lương nhân viên,24174060
2024-12-09,Lương nhân viên,24584029
2024-12-10,Lương nhân viên,23890333
2024-12-11,Lương nhân viên,25921083
2024-12-12,Lương nhân viên,27455111
2024-12-13,Lương nhân viên,28050131
2024-12-14,Lương nhân viên,28859435
2024-12-15,Lương nhân viên,28620496
2024-12-16,Lương nhân viên,26187115
2024-12-17,Lương nhân viên,25634424
2024-12-18,Lương nhân viên,24960413
2024-12-19,Lương nhân viên,24365058
2024-12-20,Lương nhân viên,24590655
2024-12-21,Lương nhân viên,28803138
2024-12-22,Lương nhân viên,26478870
2024-12-23,Lương nhân viên,24662971
2024-12-24,Lương nhân viên,28373541
2024-12-25,Lương nhân viên,28185918
2024-12-26,Lương nhân viên,27576640
2024-12-27,Lương nhân viên,25694907
2024-12-28,Lương nhân viên,25591099
2024-12-29,Lương nhân viên,28089343
2024-12-30,Lương nhân viên,28314728
2024-12-31,Lương nhân viên,27013374
2024-01-01,Thuê mặt bằng,13160012
2024-01-02,Thuê mặt bằng,11956940
2024-01-03,Thuê mặt bằng,13196853
2024-01-04,Thuê mặt bằng,14424357
2024-01-05,Thuê mặt bằng,13428218
2024-01-06,Thuê mặt bằng,12405210
2024-01-07,Thuê mặt bằng,14155142
2024-01-08,Thuê mặt bằng,12167175
2024-01-09,Thuê mặt bằng,12512380
2024-01-10,Thuê mặt bằng,13901370
2024-01-11,Thuê mặt bằng,14393072
2024-01-12,Thuê mặt bằng,13109329
2024-01-13,Thuê mặt bằng,12367107
2024-01-14,Thuê mặt bằng,14281806
2024-01-15,Thuê mặt bằng,12646675
2024-01-16,Thuê mặt bằng,12507042
2024-01-17,Thuê mặt bằng,13696921
2024-01-18,Thuê mặt bằng,13930965
2024-01-19,Thuê mặt bằng,14405804
2024-01-20,Thuê mặt bằng,11977633
2024-01-21,Thuê mặt bằng,12998311
2024-01-22,Thuê mặt bằng,14183727
2024-01-23,Thuê mặt bằng,12086247
2024-01-24,Thuê mặt bằng,14359562
2024-01-25,Thuê mặt bằng,14417248
2024-01-26,Thuê mặt bằng,11954717
2024-01-27,Thuê mặt bằng,12202956
2024-01-28,Thuê mặt bằng,13730823
2024-01-29,Thuê mặt bằng,12468675
2024-01-30,Thuê mặt bằng,14501124
2024-01-31,Thuê mặt bằng,13190251
2024-02-01,Thuê mặt bằng,14046906
2024-02-02,Thuê mặt bằng,14425406
2024-02-03,Thuê mặt bằng,14852750
2024-02-04,Thuê mặt bằng,13383300
2024-02-05,Thuê mặt bằng,12964224
2024-02-06,Thuê mặt bằng,13619475
2024-02-07,Thuê mặt bằng,13870583
2024-02-08,Thuê mặt bằng,13843335
2024-02-09,Thuê mặt bằng,14446962
2024-02-10,Thuê mặt bằng,14365144
2024-02-11,Thuê mặt bằng,13765766
2024-02-12,Thuê mặt bằng,13193689
2024-02-13,Thuê mặt bằng,13683725
2024-02-14,Thuê mặt bằng,14366615
2024-02-15,Thuê mặt bằng,12982351
2024-02-16,Thuê mặt bằng,15142221
2024-02-17,Thuê mặt bằng,14995837
2024-02-18,Thuê mặt bằng,13215603
2024-02-19,Thuê mặt bằng,15489385
2024-02-20,Thuê mặt bằng,13467734
2024-02-21,Thuê mặt bằng,14435405
2024-02-22,Thuê mặt bằng,14231688
2024-02-23,Thuê mặt bằng,13569492
2024-02-24,Thuê mặt bằng,14084494
2024-02-25,Thuê mặt bằng,14297124
2024-02-26,Thuê mặt bằng,14093912
2024-02-27,Thuê mặt bằng,14764301
2024-02-28,Thuê mặt bằng,14757040
2024-02-29,Thuê mặt bằng,15443057
2024-03-01,Thuê mặt bằng,13654128
2024-03-02,Thuê mặt bằng,13843820
2024-03-03,Thuê mặt bằng,12092225
2024-03-04,Thuê mặt bằng,13592723
2024-03-05,Thuê mặt bằng,14376109
2024-03-06,Thuê mặt bằng,12912651
2024-03-07,Thuê mặt bằng,13305600
2024-03-08,Thuê mặt bằng,13666988
2024-03-09,Thuê mặt bằng,12004009
2024-03-10,Thuê mặt bằng,13469125
2024-03-11,Thuê mặt bằng,13231156
2024-03-12,Thuê mặt bằng,12498722
2024-03-13,Thuê mặt bằng,13510582
2024-03-14,Thuê mặt bằng,11947553
2024-03-15,Thuê mặt bằng,13551290
2024-03-16,Thuê mặt bằng,14505745
2024-03-17,Thuê mặt bằng,12641559
2024-03-18,Thuê mặt bằng,12702057
2024-03-19,Thuê mặt bằng,12161704
2024-03-20,Thuê mặt bằng,13000830
2024-03-21,Thuê mặt bằng,14243660
2024-03-22,Thuê mặt bằng,14033025
2024-03-23,Thuê mặt bằng,12534477
2024-03-24,Thuê mặt bằng,14501982
2024-03-25,Thuê mặt bằng,12543077
2024-03-26,Thuê mặt bằng,14354787
2024-03-27,Thuê mặt bằng,13019474
2024-03-28,Thuê mặt bằng,12235155
2024-03-29,Thuê mặt bằng,12565803
2024-03-30,Thuê mặt bằng,14049412
2024-03-31,Thuê mặt bằng,14402664
2024-04-01,Thuê mặt bằng,14679615
2024-04-02,Thuê mặt bằng,13195519
2024-04-03,Thuê mặt bằng,14534330
2024-04-04,Thuê mặt bằng,14020441
2024-04-05,Thuê mặt bằng,14934764
2024-04-06,Thuê mặt bằng,14072364
2024-04-07,Thuê mặt bằng,12942530
2024-04-08,Thuê mặt bằng,14340409
2024-04-09,Thuê mặt bằng,13164463
2024-04-10,Thuê mặt bằng,13481661
2024-04-11,Thuê mặt bằng,12550506
2024-04-12,Thuê mặt bằng,14045751
2024-04-13,Thuê mặt bằng,14677768
2024-04-14,Thuê mặt bằng,14632567
2024-04-15,Thuê mặt bằng,12645634
2024-04-16,Thuê mặt bằng,14344900
2024-04-17,Thuê mặt bằng,13546618
2024-04-18,Thuê mặt bằng,14270556
2024-04-19,Thuê mặt bằng,12416922
2024-04-20,Thuê mặt bằng,14858445
2024-04-21,Thuê mặt bằng,14189977
2024-04-22,Thuê mặt bằng,13418939
2024-04-23,Thuê mặt bằng,12881937
2024-04-24,Thuê mặt bằng,12627351
2024-04-25,Thuê mặt bằng,14093313
2024-04-26,Thuê mặt bằng,12464384
2024-04-27,Thuê mặt bằng,14670442
2024-04-28,Thuê mặt bằng,12519493
2024-04-29,Thuê mặt bằng,13683753
2024-04-30,Thuê mặt bằng,14537606
2024-05-01,Thuê mặt bằng,13351479
2024-05-02,Thuê mặt bằng,14269543
2024-05-03,Thuê mặt bằng,14307596
2024-05-04,Thuê mặt bằng,13475674
2024-05-05,Thuê mặt bằng,13321455
2024-05-06,Thuê mặt bằng,12789579
2024-05-07,Thuê mặt bằng,12187565
2024-05-08,Thuê mặt bằng,13287741
2024-05-09,Thuê mặt bằng,12934677
2024-05-10,Thuê mặt bằng,14069940
2024-05-11,Thuê mặt bằng,14500014
2024-05-12,Thuê mặt bằng,13564537
2024-05-13,Thuê mặt bằng,13536484
2024-05-14,Thuê mặt bằng,12176260
2024-05-15,Thuê mặt bằng,14429737
2024-05-16,Thuê mặt bằng,13809908
2024-05-17,Thuê mặt bằng,12552209
2024-05-18,Thuê mặt bằng,14094540
2024-05-19,Thuê mặt bằng,12588378
2024-05-20,Thuê mặt bằng,12428875
2024-05-21,Thuê mặt bằng,12094568
2024-05-22,Thuê mặt bằng,12395589
2024-05-23,Thuê mặt bằng,13857673
2024-05-24,Thuê mặt bằng,12881973
2024-05-25,Thuê mặt bằng,13945897
2024-05-26,Thuê mặt bằng,12275015
2024-05-27,Thuê mặt bằng,12252298
2024-05-28,Thuê mặt bằng,13113268
2024-05-29,Thuê mặt bằng,14391006
2024-05-30,Thuê mặt bằng,13559528
2024-05-31,Thuê mặt bằng,13799326
2024-06-01,Thuê mặt bằng,14448446
2024-06-02,Thuê mặt bằng,14002570
2024-06-03,Thuê mặt bằng,14780617
2024-06-04,Thuê mặt bằng,12567695
2024-06-05,Thuê mặt bằng,14615560
2024-06-06,Thuê mặt bằng,14885039
2024-06-07,Thuê mặt bằng,12399232
2024-06-08,Thuê mặt bằng,13541048
2024-06-09,Thuê mặt bằng,13335451
2024-06-10,Thuê mặt bằng,14572342
2024-06-11,Thuê mặt bằng,12522477
2024-06-12,Thuê mặt bằng,14669724
2024-06-13,Thuê mặt bằng,13896938
2024-06-14,Thuê mặt bằng,12840667
2024-06-15,Thuê mặt bằng,14759478
2024-06-16,Thuê mặt bằng,14051466
2024-06-17,Thuê mặt bằng,13918275
2024-06-18,Thuê mặt bằng,12720029
2024-06-19,Thuê mặt bằng,14883670
2024-06-20,Thuê mặt bằng,13030757
2024-06-21,Thuê mặt bằng,13217283
2024-06-22,Thuê mặt bằng,13135228
2024-06-23,Thuê mặt bằng,13823812
2024-06-24,Thuê mặt bằng,14055578
2024-06-25,Thuê mặt bằng,14076668
2024-06-26,Thuê mặt bằng,14409946
2024-06-27,Thuê mặt bằng,12909933
2024-06-28,Thuê mặt bằng,13683362
2024-06-29,Thuê mặt bằng,13142757
2024-06-30,Thuê mặt bằng,13638720
2024-07-01,Thuê mặt bằng,12574038
2024-07-02,Thuê mặt bằng,12745993
2024-07-03,Thuê mặt bằng,13571970
2024-07-04,Thuê mặt bằng,13151609
2024-07-05,Thuê mặt bằng,11945210
2024-07-06,Thuê mặt bằng,12081034
2024-07-07,Thuê mặt bằng,13025624
2024-07-08,Thuê mặt bằng,14193218
2024-07-09,Thuê mặt bằng,12291597
2024-07-10,Thuê mặt bằng,14511734
2024-07-11,Thuê mặt bằng,14376831
2024-07-12,Thuê mặt bằng,14479011
2024-07-13,Thuê mặt bằng,14299119
2024-07-14,Thuê mặt bằng,13524109
2024-07-15,Thuê mặt bằng,14508944
2024-07-16,Thuê mặt bằng,13193367
2024-07-17,Thuê mặt bằng,12671013
2024-07-18,Thuê mặt bằng,12790470
2024-07-19,Thuê mặt bằng,12341489
2024-07-20,Thuê mặt bằng,12642782
2024-07-21,Thuê mặt bằng,12571060
2024-07-22,Thuê mặt bằng,12704909
2024-07-23,Thuê mặt bằng,11914244
2024-07-24,Thuê mặt bằng,13443280
2024-07-25,Thuê mặt bằng,13376968
2024-07-26,Thuê mặt bằng,13265696
2024-07-27,Thuê mặt bằng,12173439
2024-07-28,Thuê mặt bằng,12712892
2024-07-29,Thuê mặt bằng,14431045
2024-07-30,Thuê mặt bằng,12443058
2024-07-31,Thuê mặt bằng,11915755
2024-08-01,Thuê mặt bằng,12404075
2024-08-02,Thuê mặt bằng,12721420
2024-08-03,Thuê mặt bằng,12171684
2024-08-04,Thuê mặt bằng,13811760
2024-08-05,Thuê mặt bằng,13741687
2024-08-06,Thuê mặt bằng,13834103
2024-08-07,Thuê mặt bằng,13651868
2024-08-08,Thuê mặt bằng,12390457
2024-08-09,Thuê mặt bằng,12513752
2024-08-10,Thuê mặt bằng,13605274
2024-08-11,Thuê mặt bằng,13302484
2024-08-12,Thuê mặt bằng,13784506
2024-08-13,Thuê mặt bằng,13057194
2024-08-14,Thuê mặt bằng,12302066
2024-08-15,Thuê mặt bằng,13202272
2024-08-16,Thuê mặt bằng,13365610
2024-08-17,Thuê mặt bằng,13659786
2024-08-18,Thuê mặt bằng,14403262
2024-08-19,Thuê mặt bằng,12162480
2024-08-20,Thuê mặt bằng,13113331
2024-08-21,Thuê mặt bằng,12306861
2024-08-22,Thuê mặt bằng,13982939
2024-08-23,Thuê mặt bằng,13371283
2024-08-24,Thuê mặt bằng,13247769
2024-08-25,Thuê mặt bằng,14436839
2024-08-26,Thuê mặt bằng,13044042
2024-08-27,Thuê mặt bằng,12274132
2024-08-28,Thuê mặt bằng,12822810
2024-08-29,Thuê mặt bằng,12620161
2024-08-30,Thuê mặt bằng,11990281
2024-08-31,Thuê mặt bằng,14393556
2024-09-01,Thuê mặt bằng,14232211
2024-09-02,Thuê mặt bằng,12888752
2024-09-03,Thuê mặt bằng,14501933
2024-09-04,Thuê mặt bằng,14246249
2024-09-05,Thuê mặt bằng,14279986
2024-09-06,Thuê mặt bằng,14893945
2024-09-07,Thuê mặt bằng,12719604
2024-09-08,Thuê mặt bằng,14933969
2024-09-09,Thuê mặt bằng,12669510
2024-09-10,Thuê mặt bằng,14822273
2024-09-11,Thuê mặt bằng,14101588
2024-09-12,Thuê mặt bằng,13340784
2024-09-13,Thuê mặt bằng,12311483
2024-09-14,Thuê mặt bằng,14465389
2024-09-15,Thuê mặt bằng,13912467
2024-09-16,Thuê mặt bằng,12891874
2024-09-17,Thuê mặt bằng,13288334
2024-09-18,Thuê mặt bằng,13516850
2024-09-19,Thuê mặt bằng,12588076
2024-09-20,Thuê mặt bằng,12653865
2024-09-21,Thuê mặt bằng,12908009
2024-09-22,Thuê mặt bằng,12648539
2024-09-23,Thuê mặt bằng,13030612
2024-09-24,Thuê mặt bằng,12483925
2024-09-25,Thuê mặt bằng,12500930
2024-09-26,Thuê mặt bằng,13868288
2024-09-27,Thuê mặt bằng,12967634
2024-09-28,Thuê mặt bằng,14073797
2024-09-29,Thuê mặt bằng,13406434
2024-09-30,Thuê mặt bằng,13662153
2024-10-01,Thuê mặt bằng,13955810
2024-10-02,Thuê mặt bằng,14517452
2024-10-03,Thuê mặt bằng,12737194
2024-10-04,Thuê mặt bằng,13411997
2024-10-05,Thuê mặt bằng,13507444
2024-10-06,Thuê mặt bằng,14364042
2024-10-07,Thuê mặt bằng,14448194
2024-10-08,Thuê mặt bằng,13945565
2024-10-09,Thuê mặt bằng,13794054
2024-10-10,Thuê mặt bằng,14069252
2024-10-11,Thuê mặt bằng,14259233
2024-10-12,Thuê mặt bằng,12899891
2024-10-13,Thuê mặt bằng,12356084
2024-10-14,Thuê mặt bằng,11931070
2024-10-15,Thuê mặt bằng,12886761
2024-10-16,Thuê mặt bằng,12829597
2024-10-17,Thuê mặt bằng,14262996
2024-10-18,Thuê mặt bằng,13806415
2024-10-19,Thuê mặt bằng,11932685
2024-10-20,Thuê mặt bằng,13367141
2024-10-21,Thuê mặt bằng,13807564
2024-10-22,Thuê mặt bằng,13348755
2024-10-23,Thuê mặt bằng,13113508
2024-10-24,Thuê mặt bằng,12482783
2024-10-25,Thuê mặt bằng,12511751
2024-10-26,Thuê mặt bằng,14045705
2024-10-27,Thuê mặt bằng,14156264
2024-10-28,Thuê mặt bằng,13227133
2024-10-29,Thuê mặt bằng,14177069
2024-10-30,Thuê mặt bằng,13325692
2024-10-31,Thuê mặt bằng,12269810
2024-11-01,Thuê mặt bằng,14348807
2024-11-02,Thuê mặt bằng,13982128
2024-11-03,Thuê mặt bằng,14897584
2024-11-04,Thuê mặt bằng,14340851
2024-11-05,Thuê mặt bằng,13064476
2024-11-06,Thuê mặt bằng,13376670
2024-11-07,Thuê mặt bằng,13769861
2024-11-08,Thuê mặt bằng,12515933
2024-11-09,Thuê mặt bằng,13983503
2024-11-10,Thuê mặt bằng,13585898
2024-11-11,Thuê mặt bằng,12336439
2024-11-12,Thuê mặt bằng,14446712
2024-11-13,Thuê mặt bằng,14380709
2024-11-14,Thuê mặt bằng,13367012
2024-11-15,Thuê mặt bằng,13128288
2024-11-16,Thuê mặt bằng,13139362
2024-11-17,Thuê mặt bằng,14748333
2024-11-18,Thuê mặt bằng,14659513
2024-11-19,Thuê mặt bằng,13459069
2024-11-20,Thuê mặt bằng,14821564
2024-11-21,Thuê mặt bằng,14845512
2024-11-22,Thuê mặt bằng,14016081
2024-11-23,Thuê mặt bằng,14782701
2024-11-24,Thuê mặt bằng,12910918
2024-11-25,Thuê mặt bằng,12551482
2024-11-26,Thuê mặt bằng,12853557
2024-11-27,Thuê mặt bằng,12744067
2024-11-28,Thuê mặt bằng,12328407
2024-11-29,Thuê mặt bằng,13013883
2024-11-30,Thuê mặt bằng,13306149
2024-12-01,Thuê mặt bằng,12427785
2024-12-02,Thuê mặt bằng,11984766
2024-12-03,Thuê mặt bằng,13273614
2024-12-04,Thuê mặt bằng,14084207
2024-12-05,Thuê mặt bằng,12976957
2024-12-06,Thuê mặt bằng,14133367
2024-12-07,Thuê mặt bằng,14025180
2024-12-08,Thuê mặt bằng,12910188
2024-12-09,Thuê mặt bằng,12959906
2024-12-10,Thuê mặt bằng,11928435
2024-12-11,Thuê mặt bằng,13042790
2024-12-12,Thuê mặt bằng,14069823
2024-12-13,Thuê mặt bằng,12844820
2024-12-14,Thuê mặt bằng,13858376
2024-12-15,Thuê mặt bằng,13698564
2024-12-16,Thuê mặt bằng,13263834
2024-12-17,Thuê mặt bằng,12442421
2024-12-18,Thuê mặt bằng,12503214
2024-12-19,Thuê mặt bằng,13411458
2024-12-20,Thuê mặt bằng,12869497
2024-12-21,Thuê mặt bằng,14076659
2024-12-22,Thuê mặt bằng,12353568
2024-12-23,Thuê mặt bằng,13833904
2024-12-24,Thuê mặt bằng,12621047
2024-12-25,Thuê mặt bằng,12043294
2024-12-26,Thuê mặt bằng,14464183
2024-12-27,Thuê mặt bằng,13356899
2024-12-28,Thuê mặt bằng,12055648
2024-12-29,Thuê mặt bằng,11994177
2024-12-30,Thuê mặt bằng,13602761
2024-12-31,Thuê mặt bằng,12015353
2024-01-01,Marketing,9319042
2024-01-02,Marketing,10427850
2024-01-03,Marketing,10650856
2024-01-04,Marketing,10134240
2024-01-05,Marketing,10230535
2024-01-06,Marketing,10114899
2024-01-07,Marketing,9701873
2024-01-08,Marketing,10887175
2024-01-09,Marketing,10272058
2024-01-10,Marketing,9017542
2024-01-11,Marketing,9228296
2024-01-12,Marketing,9177613
2024-01-13,Marketing,9948638
2024-01-14,Marketing,10181595
2024-01-15,Marketing,9928651
2024-01-16,Marketing,9162413
2024-01-17,Marketing,10219417
2024-01-18,Marketing,8947580
2024-01-19,Marketing,9478198
2024-01-20,Marketing,8947510
2024-01-21,Marketing,9534517
2024-01-22,Marketing,10461279
2024-01-23,Marketing,10000818
2024-01-24,Marketing,10182802
2024-01-25,Marketing,9100065
2024-01-26,Marketing,9970214
2024-01-27,Marketing,10301034
2024-01-28,Marketing,9343559
2024-01-29,Marketing,9208823
2024-01-30,Marketing,9148358
2024-01-31,Marketing,9019202
2024-02-01,Marketing,11003442
2024-02-02,Marketing,9659070
2024-02-03,Marketing,10145824
2024-02-04,Marketing,11212286
2024-02-05,Marketing,11613935
2024-02-06,Marketing,11218635
2024-02-07,Marketing,10380325
2024-02-08,Marketing,10583485
2024-02-09,Marketing,10114799
2024-02-10,Marketing,10149069
2024-02-11,Marketing,11405322
2024-02-12,Marketing,10830922
2024-02-13,Marketing,11047349
2024-02-14,Marketing,11185243
2024-02-15,Marketing,11038988
2024-02-16,Marketing,11505466
2024-02-17,Marketing,11653790
2024-02-18,Marketing,11631541
2024-02-19,Marketing,9566207
2024-02-20,Marketing,11571557
2024-02-21,Marketing,10450403
2024-02-22,Marketing,9896559
2024-02-23,Marketing,11121782
2024-02-24,Marketing,10306864
2024-02-25,Marketing,11434231
2024-02-26,Marketing,10251836
2024-02-27,Marketing,9936264
2024-02-28,Marketing,9753855
2024-02-29,Marketing,10360658
2024-03-01,Marketing,9177496
2024-03-02,Marketing,10052473
2024-03-03,Marketing,9995484
2024-03-04,Marketing,9784952
2024-03-05,Marketing,9356939
2024-03-06,Marketing,10658662
2024-03-07,Marketing,9592832
2024-03-08,Marketing,9028638
2024-03-09,Marketing,10135204
2024-03-10,Marketing,10137326
2024-03-11,Marketing,10393127
2024-03-12,Marketing,10511693
2024-03-13,Marketing,9763786
2024-03-14,Marketing,10890220
2024-03-15,Marketing,10480532
2024-03-16,Marketing,10073291
2024-03-17,Marketing,9688438
2024-03-18,Marketing,9685908
2024-03-19,Marketing,9049235
2024-03-20,Marketing,9587299
2024-03-21,Marketing,9329875
2024-03-22,Marketing,10337590
2024-03-23,Marketing,9242087
2024-03-24,Marketing,9391739
2024-03-25,Marketing,10645540
2024-03-26,Marketing,9131249
2024-03-27,Marketing,10678993
2024-03-28,Marketing,9835707
2024-03-29,Marketing,9357249
2024-03-30,Marketing,9298204
2024-03-31,Marketing,10208954
2024-04-01,Marketing,10127966
2024-04-02,Marketing,10226662
2024-04-03,Marketing,11190809
2024-04-04,Marketing,9876398
2024-04-05,Marketing,11094376
2024-04-06,Marketing,10454619
2024-04-07,Marketing,9718757
2024-04-08,Marketing,10359432
2024-04-09,Marketing,10686866
2024-04-10,Marketing,9617314
2024-04-11,Marketing,9926902
2024-04-12,Marketing,9530459
2024-04-13,Marketing,9403223
2024-04-14,Marketing,9665284
2024-04-15,Marketing,9999487
2024-04-16,Marketing,10493306
2024-04-17,Marketing,10459179
2024-04-18,Marketing,9293645
2024-04-19,Marketing,9394064
2024-04-20,Marketing,11244121
2024-04-21,Marketing,9811378
2024-04-22,Marketing,9343700
2024-04-23,Marketing,10484118
2024-04-24,Marketing,10096485
2024-04-25,Marketing,9819043
2024-04-26,Marketing,10488700
2024-04-27,Marketing,9549763
2024-04-28,Marketing,10542862
2024-04-29,Marketing,10061579
2024-04-30,Marketing,10931685
2024-05-01,Marketing,9789230
2024-05-02,Marketing,10161788
2024-05-03,Marketing,9166339
2024-05-04,Marketing,9735112
2024-05-05,Marketing,10018439
2024-05-06,Marketing,9641760
2024-05-07,Marketing,10620904
2024-05-08,Marketing,9174602
2024-05-09,Marketing,9477303
2024-05-10,Marketing,9572710
2024-05-11,Marketing,9136687
2024-05-12,Marketing,10335805
2024-05-13,Marketing,10467796
2024-05-14,Marketing,10309092
2024-05-15,Marketing,10350231
2024-05-16,Marketing,9732021
2024-05-17,Marketing,10340215
2024-05-18,Marketing,10074725
2024-05-19,Marketing,10660155
2024-05-20,Marketing,9250890
2024-05-21,Marketing,9576294
2024-05-22,Marketing,10046332
2024-05-23,Marketing,9703832
2024-05-24,Marketing,10207846
2024-05-25,Marketing,9021669
2024-05-26,Marketing,9875575
2024-05-27,Marketing,10876151
2024-05-28,Marketing,10344782
2024-05-29,Marketing,10444910
2024-05-30,Marketing,9677245
2024-05-31,Marketing,10563361
2024-06-01,Marketing,11091339
2024-06-02,Marketing,10144264
2024-06-03,Marketing,9569157
2024-06-04,Marketing,9963867
2024-06-05,Marketing,10766970
2024-06-06,Marketing,10319519
2024-06-07,Marketing,10786097
2024-06-08,Marketing,11084927
2024-06-09,Marketing,10305474
2024-06-10,Marketing,10817069
2024-06-11,Marketing,9563783
2024-06-12,Marketing,10584292
2024-06-13,Marketing,10030975
2024-06-14,Marketing,10954081
2024-06-15,Marketing,9914797
2024-06-16,Marketing,9623208
2024-06-17,Marketing,10915679
2024-06-18,Marketing,10822734
2024-06-19,Marketing,10431741
2024-06-20,Marketing,9245713
2024-06-21,Marketing,10631656
2024-06-22,Marketing,10924241
2024-06-23,Marketing,10363111
2024-06-24,Marketing,9611006
2024-06-25,Marketing,9234536
2024-06-26,Marketing,10164587
2024-06-27,Marketing,10035621
2024-06-28,Marketing,10601794
2024-06-29,Marketing,10852304
2024-06-30,Marketing,10865017
2024-07-01,Marketing,9491654
2024-07-02,Marketing,9867360
2024-07-03,Marketing,9651355
2024-07-04,Marketing,9524729
2024-07-05,Marketing,10409981
2024-07-06,Marketing,9818561
2024-07-07,Marketing,9302408
2024-07-08,Marketing,10806878
2024-07-09,Marketing,9264813
2024-07-10,Marketing,10882607
2024-07-11,Marketing,10902131
2024-07-12,Marketing,8957948
2024-07-13,Marketing,9513137
2024-07-14,Marketing,10143196
2024-07-15,Marketing,9173859
2024-07-16,Marketing,9580991
2024-07-17,Marketing,9502200
2024-07-18,Marketing,9090385
2024-07-19,Marketing,10897489
2024-07-20,Marketing,9436710
2024-07-21,Marketing,10178539
2024-07-22,Marketing,9174072
2024-07-23,Marketing,9693041
2024-07-24,Marketing,9931698
2024-07-25,Marketing,10392760
2024-07-26,Marketing,10881670
2024-07-27,Marketing,10116158
2024-07-28,Marketing,9787737
2024-07-29,Marketing,10654422
2024-07-30,Marketing,9790984
2024-07-31,Marketing,9164529
2024-08-01,Marketing,10875143
2024-08-02,Marketing,9140815
2024-08-03,Marketing,9164444
2024-08-04,Marketing,9348220
2024-08-05,Marketing,10757722
2024-08-06,Marketing,9905263
2024-08-07,Marketing,9316076
2024-08-08,Marketing,10508370
2024-08-09,Marketing,10375499
2024-08-10,Marketing,10204696
2024-08-11,Marketing,10130357
2024-08-12,Marketing,9501392
2024-08-13,Marketing,9453175
2024-08-14,Marketing,9436924
2024-08-15,Marketing,9271101
2024-08-16,Marketing,10251276
2024-08-17,Marketing,9116293
2024-08-18,Marketing,10103858
2024-08-19,Marketing,9773534
2024-08-20,Marketing,9724256
2024-08-21,Marketing,9191579
2024-08-22,Marketing,9524769
2024-08-23,Marketing,10488799
2024-08-24,Marketing,10640304
2024-08-25,Marketing,9996867
2024-08-26,Marketing,10600912
2024-08-27,Marketing,10797898
2024-08-28,Marketing,9234984
2024-08-29,Marketing,10666732
2024-08-30,Marketing,9687020
2024-08-31,Marketing,10369042
2024-09-01,Marketing,10977685
2024-09-02,Marketing,9516779
2024-09-03,Marketing,10992538
2024-09-04,Marketing,9292817
2024-09-05,Marketing,10849007
2024-09-06,Marketing,10448459
2024-09-07,Marketing,9433685
2024-09-08,Marketing,10686464
2024-09-09,Marketing,10514911
2024-09-10,Marketing,10732633
2024-09-11,Marketing,9872062
2024-09-12,Marketing,10921797
2024-09-13,Marketing,9936967
2024-09-14,Marketing,10889401
2024-09-15,Marketing,11128568
2024-09-16,Marketing,10810288
2024-09-17,Marketing,10775751
2024-09-18,Marketing,9684985
2024-09-19,Marketing,10222294
2024-09-20,Marketing,9341291
2024-09-21,Marketing,10706709
2024-09-22,Marketing,9455263
2024-09-23,Marketing,9891736
2024-09-24,Marketing,9884829
2024-09-25,Marketing,10162442
2024-09-26,Marketing,10671684
2024-09-27,Marketing,9476904
2024-09-28,Marketing,10696682
2024-09-29,Marketing,9563594
2024-09-30,Marketing,9224633
2024-10-01,Marketing,9507092
2024-10-02,Marketing,9169726
2024-10-03,Marketing,9771397
2024-10-04,Marketing,9928543
2024-10-05,Marketing,9770477
2024-10-06,Marketing,10738981
2024-10-07,Marketing,9684923
2024-10-08,Marketing,10456601
2024-10-09,Marketing,9287682
2024-10-10,Marketing,10484187
2024-10-11,Marketing,9720450
2024-10-12,Marketing,9198999
2024-10-13,Marketing,9747130
2024-10-14,Marketing,9106971
2024-10-15,Marketing,9904524
2024-10-16,Marketing,10578950
2024-10-17,Marketing,9826273
2024-10-18,Marketing,9361077
2024-10-19,Marketing,9808641
2024-10-20,Marketing,10897117
2024-10-21,Marketing,9902959
2024-10-22,Marketing,9380368
2024-10-23,Marketing,10805007
2024-10-24,Marketing,10535477
2024-10-25,Marketing,8931264
2024-10-26,Marketing,10600430
2024-10-27,Marketing,10723551
2024-10-28,Marketing,9754324
2024-10-29,Marketing,10045299
2024-10-30,Marketing,10396398
2024-10-31,Marketing,10501373
2024-11-01,Marketing,10881260
2024-11-02,Marketing,11213786
2024-11-03,Marketing,9219122
2024-11-04,Marketing,9587458
2024-11-05,Marketing,10173543
2024-11-06,Marketing,10539427
2024-11-07,Marketing,10694643
2024-11-08,Marketing,9220072
2024-11-09,Marketing,9587627
2024-11-10,Marketing,10656480
2024-11-11,Marketing,9262904
2024-11-12,Marketing,10855258
2024-11-13,Marketing,9300239
2024-11-14,Marketing,10380328
2024-11-15,Marketing,10552501
2024-11-16,Marketing,9223910
2024-11-17,Marketing,9695252
2024-11-18,Marketing,9924463
2024-11-19,Marketing,9447721
2024-11-20,Marketing,11001398
2024-11-21,Marketing,10346418
2024-11-22,Marketing,9299956
2024-11-23,Marketing,10941303
2024-11-24,Marketing,10083046
2024-11-25,Marketing,9386483
2024-11-26,Marketing,10980908
2024-11-27,Marketing,10074030
2024-11-28,Marketing,10514145
2024-11-29,Marketing,10300595
2024-11-30,Marketing,11236645
2024-12-01,Marketing,10364491
2024-12-02,Marketing,9364883
2024-12-03,Marketing,10650260
2024-12-04,Marketing,10165975
2024-12-05,Marketing,9832832
2024-12-06,Marketing,9980312
2024-12-07,Marketing,9700363
2024-12-08,Marketing,9443228
2024-12-09,Marketing,9695400
2024-12-10,Marketing,9276112
2024-12-11,Marketing,10193095
2024-12-12,Marketing,9871856
2024-12-13,Marketing,9921724
2024-12-14,Marketing,9182722
2024-12-15,Marketing,10186774
2024-12-16,Marketing,9442744
2024-12-17,Marketing,8975406
2024-12-18,Marketing,10706446
2024-12-19,Marketing,8944693
2024-12-20,Marketing,10510963
2024-12-21,Marketing,9345953
2024-12-22,Marketing,10070805
2024-12-23,Marketing,10032221
2024-12-24,Marketing,8962752
2024-12-25,Marketing,10192300
2024-12-26,Marketing,10082570
2024-12-27,Marketing,10333257
2024-12-28,Marketing,10388687
2024-12-29,Marketing,10450625
2024-12-30,Marketing,10650762
2024-12-31,Marketing,9352505
2024-01-01,Logistics,7121617
2024-01-02,Logistics,7181333
2024-01-03,Logistics,6478936
2024-01-04,Logistics,7208401
2024-01-05,Logistics,7226519
2024-01-06,Logistics,7156634
2024-01-07,Logistics,6988766
2024-01-08,Logistics,6140191
2024-01-09,Logistics,6159440
2024-01-10,Logistics,6051041
2024-01-11,Logistics,6663285
2024-01-12,Logistics,6193591
2024-01-13,Logistics,6731874
2024-01-14,Logistics,6412576
2024-01-15,Logistics,6521522
2024-01-16,Logistics,6732944
2024-01-17,Logistics,6082252
2024-01-18,Logistics,7267273
2024-01-19,Logistics,7068644
2024-01-20,Logistics,6774090
2024-01-21,Logistics,6768623
2024-01-22,Logistics,6696461
2024-01-23,Logistics,7224336
2024-01-24,Logistics,6090284
2024-01-25,Logistics,7216149
2024-01-26,Logistics,6061951
2024-01-27,Logistics,5964129
2024-01-28,Logistics,6537021
2024-01-29,Logistics,7041341
2024-01-30,Logistics,6431006
2024-01-31,Logistics,6422514
2024-02-01,Logistics,7443559
2024-02-02,Logistics,7099831
2024-02-03,Logistics,7180801
2024-02-04,Logistics,7483009
2024-02-05,Logistics,6956834
2024-02-06,Logistics,6653315
2024-02-07,Logistics,6377208
2024-02-08,Logistics,7623604
2024-02-09,Logistics,7673646
2024-02-10,Logistics,7711692
2024-02-11,Logistics,7729030
2024-02-12,Logistics,6507061
2024-02-13,Logistics,7239458
2024-02-14,Logistics,6378027
2024-02-15,Logistics,6434317
2024-02-16,Logistics,7549075
2024-02-17,Logistics,7755485
2024-02-18,Logistics,7494305
2024-02-19,Logistics,7257082
2024-02-20,Logistics,7263721
2024-02-21,Logistics,6768497
2024-02-22,Logistics,6977585
2024-02-23,Logistics,6429786
2024-02-24,Logistics,7605594
2024-02-25,Logistics,6892743
2024-02-26,Logistics,7600319
2024-02-27,Logistics,7681264
2024-02-28,Logistics,7328941
2024-02-29,Logistics,7232626
2024-03-01,Logistics,7001758
2024-03-02,Logistics,6047740
2024-03-03,Logistics,6919257
2024-03-04,Logistics,6292682
2024-03-05,Logistics,6753989
2024-03-06,Logistics,6206502
2024-03-07,Logistics,5971127
2024-03-08,Logistics,6443950
2024-03-09,Logistics,7089321
2024-03-10,Logistics,6752053
2024-03-11,Logistics,6800000
2024-03-12,Logistics,6312132
2024-03-13,Logistics,6721682
2024-03-14,Logistics,6853185
2024-03-15,Logistics,6144147
2024-03-16,Logistics,6808424
2024-03-17,Logistics,7057660
2024-03-18,Logistics,6993899
2024-03-19,Logistics,6486572
2024-03-20,Logistics,6917491
2024-03-21,Logistics,6677615
2024-03-22,Logistics,6280084
2024-03-23,Logistics,6158936
2024-03-24,Logistics,5977343
2024-03-25,Logistics,6582622
2024-03-26,Logistics,6275137
2024-03-27,Logistics,6817460
2024-03-28,Logistics,7024804
2024-03-29,Logistics,7148227
2024-03-30,Logistics,6149034
2024-03-31,Logistics,6745264
2024-04-01,Logistics,7175159
2024-04-02,Logistics,6371302
2024-04-03,Logistics,7240065
2024-04-04,Logistics,6205782
2024-04-05,Logistics,6415643
2024-04-06,Logistics,7199165
2024-04-07,Logistics,6992377
2024-04-08,Logistics,7391727
2024-04-09,Logistics,7234284
2024-04-10,Logistics,6542040
2024-04-11,Logistics,7173093
2024-04-12,Logistics,6699827
2024-04-13,Logistics,7323090
2024-04-14,Logistics,7167513
2024-04-15,Logistics,6562400
2024-04-16,Logistics,7271127
2024-04-17,Logistics,6616481
2024-04-18,Logistics,6846777
2024-04-19,Logistics,7163739
2024-04-20,Logistics,6514883
2024-04-21,Logistics,6690543
2024-04-22,Logistics,6920015
2024-04-23,Logistics,6858893
2024-04-24,Logistics,6293721
2024-04-25,Logistics,6860001
2024-04-26,Logistics,6444539
2024-04-27,Logistics,7160619
2024-04-28,Logistics,7144254
2024-04-29,Logistics,6212143
2024-04-30,Logistics,7044311
2024-05-01,Logistics,7176696
2024-05-02,Logistics,6262565
2024-05-03,Logistics,6453728
2024-05-04,Logistics,6129897
2024-05-05,Logistics,5969803
2024-05-06,Logistics,6265258
2024-05-07,Logistics,6355084
2024-05-08,Logistics,6405103
2024-05-09,Logistics,6956660
2024-05-10,Logistics,6582391
2024-05-11,Logistics,5981419
2024-05-12,Logistics,6703544
2024-05-13,Logistics,6912069
2024-05-14,Logistics,5988307
2024-05-15,Logistics,5967761
2024-05-16,Logistics,7158708
2024-05-17,Logistics,6449398
2024-05-18,Logistics,6825225
2024-05-19,Logistics,6892337
2024-05-20,Logistics,7105714
2024-05-21,Logistics,6084840
2024-05-22,Logistics,6207427
2024-05-23,Logistics,6400099
2024-05-24,Logistics,6141524
2024-05-25,Logistics,6619460
2024-05-26,Logistics,7043417
2024-05-27,Logistics,7015127
2024-05-28,Logistics,6287773
2024-05-29,Logistics,6496550
2024-05-30,Logistics,6406042
2024-05-31,Logistics,6234572
2024-06-01,Logistics,6966373
2024-06-02,Logistics,6932003
2024-06-03,Logistics,7271039
2024-06-04,Logistics,7077242
2024-06-05,Logistics,7078688
2024-06-06,Logistics,6437231
2024-06-07,Logistics,6925256
2024-06-08,Logistics,6465232
2024-06-09,Logistics,6938129
2024-06-10,Logistics,7508394
2024-06-11,Logistics,7428812
2024-06-12,Logistics,6916643
2024-06-13,Logistics,6745320
2024-06-14,Logistics,7456141
2024-06-15,Logistics,7325346
2024-06-16,Logistics,7480744
2024-06-17,Logistics,7345022
2024-06-18,Logistics,6263485
2024-06-19,Logistics,7242697
2024-06-20,Logistics,6548860
2024-06-21,Logistics,7281710
2024-06-22,Logistics,7358738
2024-06-23,Logistics,6196365
2024-06-24,Logistics,7476381
2024-06-25,Logistics,6406544
2024-06-26,Logistics,6242187
2024-06-27,Logistics,7132118
2024-06-28,Logistics,6357656
2024-06-29,Logistics,6187910
2024-06-30,Logistics,7384399
2024-07-01,Logistics,6416497
2024-07-02,Logistics,6316091
2024-07-03,Logistics,6219522
2024-07-04,Logistics,6051024
2024-07-05,Logistics,6899665
2024-07-06,Logistics,6826393
2024-07-07,Logistics,6889605
2024-07-08,Logistics,6578038
2024-07-09,Logistics,6803606
2024-07-10,Logistics,6065185
2024-07-11,Logistics,6633266
2024-07-12,Logistics,6728013
2024-07-13,Logistics,6298567
2024-07-14,Logistics,6751511
2024-07-15,Logistics,6089417
2024-07-16,Logistics,6285623
2024-07-17,Logistics,7193897
2024-07-18,Logistics,6321482
2024-07-19,Logistics,7182769
2024-07-20,Logistics,6752601
2024-07-21,Logistics,7235010
2024-07-22,Logistics,6533155
2024-07-23,Logistics,7135456
2024-07-24,Logistics,6484837
2024-07-25,Logistics,6525338
2024-07-26,Logistics,6557017
2024-07-27,Logistics,6521703
2024-07-28,Logistics,7206710
2024-07-29,Logistics,7203681
2024-07-30,Logistics,7071893
2024-07-31,Logistics,6646729
2024-08-01,Logistics,7082562
2024-08-02,Logistics,7224380
2024-08-03,Logistics,6274602
2024-08-04,Logistics,6712947
2024-08-05,Logistics,6986690
2024-08-06,Logistics,6715939
2024-08-07,Logistics,6918632
2024-08-08,Logistics,6013037
2024-08-09,Logistics,5972173
2024-08-10,Logistics,6848791
2024-08-11,Logistics,6071318
2024-08-12,Logistics,6850652
2024-08-13,Logistics,6107619
2024-08-14,Logistics,6624964
2024-08-15,Logistics,7195916
2024-08-16,Logistics,6596757
2024-08-17,Logistics,6047888
2024-08-18,Logistics,6823271
2024-08-19,Logistics,6045610
2024-08-20,Logistics,6199955
2024-08-21,Logistics,7210551
2024-08-22,Logistics,6345320
2024-08-23,Logistics,6635429
2024-08-24,Logistics,7036747
2024-08-25,Logistics,6543580
2024-08-26,Logistics,7033988
2024-08-27,Logistics,6338955
2024-08-28,Logistics,6738807
2024-08-29,Logistics,6598107
2024-08-30,Logistics,6334546
2024-08-31,Logistics,6217954
2024-09-01,Logistics,6711514
2024-09-02,Logistics,7202037
2024-09-03,Logistics,7442807
2024-09-04,Logistics,6441435
2024-09-05,Logistics,6663245
2024-09-06,Logistics,7394798
2024-09-07,Logistics,6696369
2024-09-08,Logistics,6438841
2024-09-09,Logistics,6678810
2024-09-10,Logistics,6874333
2024-09-11,Logistics,7354152
2024-09-12,Logistics,6758699
2024-09-13,Logistics,6472689
2024-09-14,Logistics,7328869
2024-09-15,Logistics,6755392
2024-09-16,Logistics,7100685
2024-09-17,Logistics,7093423
2024-09-18,Logistics,6289827
2024-09-19,Logistics,6489241
2024-09-20,Logistics,6599860
2024-09-21,Logistics,7163513
2024-09-22,Logistics,7302447
2024-09-23,Logistics,7428856
2024-09-24,Logistics,6437281
2024-09-25,Logistics,6701587
2024-09-26,Logistics,6597186
2024-09-27,Logistics,7126090
2024-09-28,Logistics,7407924
2024-09-29,Logistics,6178090
2024-09-30,Logistics,6768774
2024-10-01,Logistics,7068006
2024-10-02,Logistics,6421635
2024-10-03,Logistics,6351872
2024-10-04,Logistics,7182534
2024-10-05,Logistics,7193620
2024-10-06,Logistics,7119287
2024-10-07,Logistics,7267119
2024-10-08,Logistics,7085536
2024-10-09,Logistics,7155099
2024-10-10,Logistics,6687910
2024-10-11,Logistics,6793381
2024-10-12,Logistics,6549771
2024-10-13,Logistics,7156330
2024-10-14,Logistics,6636140
2024-10-15,Logistics,6878571
2024-10-16,Logistics,6662944
2024-10-17,Logistics,7192175
2024-10-18,Logistics,6590920
2024-10-19,Logistics,6996926
2024-10-20,Logistics,6347016
2024-10-21,Logistics,7224599
2024-10-22,Logistics,5969118
2024-10-23,Logistics,6734659
2024-10-24,Logistics,7136765
2024-10-25,Logistics,6645367
2024-10-26,Logistics,7135466
2024-10-27,Logistics,7028739
2024-10-28,Logistics,6199787
2024-10-29,Logistics,7040152
2024-10-30,Logistics,6027642
2024-10-31,Logistics,5980008
2024-11-01,Logistics,6670788
2024-11-02,Logistics,6850299
2024-11-03,Logistics,7505903
2024-11-04,Logistics,6324293
2024-11-05,Logistics,7445224
2024-11-06,Logistics,7391597
2024-11-07,Logistics,7437473
2024-11-08,Logistics,6562693
2024-11-09,Logistics,6155275
2024-11-10,Logistics,7281384
2024-11-11,Logistics,6237274
2024-11-12,Logistics,6904034
2024-11-13,Logistics,6654377
2024-11-14,Logistics,7377384
2024-11-15,Logistics,6999883
2024-11-16,Logistics,6942495
2024-11-17,Logistics,7317487
2024-11-18,Logistics,6782207
2024-11-19,Logistics,7188619
2024-11-20,Logistics,6936319
2024-11-21,Logistics,6538674
2024-11-22,Logistics,7194516
2024-11-23,Logistics,7102243
2024-11-24,Logistics,7326137
2024-11-25,Logistics,6703147
2024-11-26,Logistics,6871323
2024-11-27,Logistics,6254903
2024-11-28,Logistics,6910549
2024-11-29,Logistics,6639856
2024-11-30,Logistics,6909457
2024-12-01,Logistics,6531107
2024-12-02,Logistics,7172667
2024-12-03,Logistics,6747386
2024-12-04,Logistics,7120329
2024-12-05,Logistics,6075695
2024-12-06,Logistics,6238221
2024-12-07,Logistics,6456882
2024-12-08,Logistics,6088524
2024-12-09,Logistics,7205095
2024-12-10,Logistics,7172074
2024-12-11,Logistics,6852035
2024-12-12,Logistics,6348665
2024-12-13,Logistics,6107335
2024-12-14,Logistics,6034008
2024-12-15,Logistics,7001080
2024-12-16,Logistics,6743420
2024-12-17,Logistics,6518181
2024-12-18,Logistics,6771039
2024-12-19,Logistics,6119155
2024-12-20,Logistics,6530515
2024-12-21,Logistics,6346115
2024-12-22,Logistics,6756091
2024-12-23,Logistics,7155091
2024-12-24,Logistics,5974728
2024-12-25,Logistics,6507208
2024-12-26,Logistics,6156361
2024-12-27,Logistics,7132317
2024-12-28,Logistics,6165964
2024-12-29,Logistics,6776858
2024-12-30,Logistics,6288164
2024-12-31,Logistics,6747966
2024-01-01,Điện nước,3099059
2024-01-02,Điện nước,3167338
2024-01-03,Điện nước,3430385
2024-01-04,Điện nước,3214193
2024-01-05,Điện nước,3190658
2024-01-06,Điện nước,3000889
2024-01-07,Điện nước,3264855
2024-01-08,Điện nước,3076964
2024-01-09,Điện nước,3222355
2024-01-10,Điện nước,3530905
2024-01-11,Điện nước,3496332
2024-01-12,Điện nước,3611248
2024-01-13,Điện nước,3251139
2024-01-14,Điện nước,3189585
2024-01-15,Điện nước,3372977
2024-01-16,Điện nước,3229286
2024-01-17,Điện nước,3367626
2024-01-18,Điện nước,3420229
2024-01-19,Điện nước,3052669
2024-01-20,Điện nước,3032297
2024-01-21,Điện nước,3390822
2024-01-22,Điện nước,3531956
2024-01-23,Điện nước,3126852
2024-01-24,Điện nước,3494441
2024-01-25,Điện nước,3519338
2024-01-26,Điện nước,2990738
2024-01-27,Điện nước,3271757
2024-01-28,Điện nước,3269308
2024-01-29,Điện nước,3302040
2024-01-30,Điện nước,3549588
2024-01-31,Điện nước,3351277
2024-02-01,Điện nước,3383415
2024-02-02,Điện nước,3200452
2024-02-03,Điện nước,3234820
2024-02-04,Điện nước,3472976
2024-02-05,Điện nước,3400578
2024-02-06,Điện nước,3845924
2024-02-07,Điện nước,3382010
2024-02-08,Điện nước,3204808
2024-02-09,Điện nước,3358307
2024-02-10,Điện nước,3692807
2024-02-11,Điện nước,3835304
2024-02-12,Điện nước,3670639
2024-02-13,Điện nước,3875611
2024-02-14,Điện nước,3349698
2024-02-15,Điện nước,3570469
2024-02-16,Điện nước,3493861
2024-02-17,Điện nước,3315775
2024-02-18,Điện nước,3420341
2024-02-19,Điện nước,3685502
2024-02-20,Điện nước,3655350
2024-02-21,Điện nước,3751919
2024-02-22,Điện nước,3338475
2024-02-23,Điện nước,3309868
2024-02-24,Điện nước,3198029
2024-02-25,Điện nước,3453828
2024-02-26,Điện nước,3197957
2024-02-27,Điện nước,3349175
2024-02-28,Điện nước,3651723
2024-02-29,Điện nước,3298085
2024-03-01,Điện nước,3454334
2024-03-02,Điện nước,3395495
2024-03-03,Điện nước,3143814
2024-03-04,Điện nước,3068152
2024-03-05,Điện nước,3380532
2024-03-06,Điện nước,3154368
2024-03-07,Điện nước,2978475
2024-03-08,Điện nước,3612872
2024-03-09,Điện nước,3228345
2024-03-10,Điện nước,3304416
2024-03-11,Điện nước,3236401
2024-03-12,Điện nước,3165622
2024-03-13,Điện nước,3515833
2024-03-14,Điện nước,3496075
2024-03-15,Điện nước,3255922
2024-03-16,Điện nước,3019518
2024-03-17,Điện nước,3196204
2024-03-18,Điện nước,2995314
2024-03-19,Điện nước,3193665
2024-03-20,Điện nước,3575781
2024-03-21,Điện nước,3439951
2024-03-22,Điện nước,3533258
2024-03-23,Điện nước,3591106
2024-03-24,Điện nước,3457917
2024-03-25,Điện nước,3557193
2024-03-26,Điện nước,3358625
2024-03-27,Điện nước,3374115
2024-03-28,Điện nước,3469411
2024-03-29,Điện nước,3204031
2024-03-30,Điện nước,2992516
2024-03-31,Điện nước,3528179
2024-04-01,Điện nước,3204911
2024-04-02,Điện nước,3435322
2024-04-03,Điện nước,3485740
2024-04-04,Điện nước,3713303
2024-04-05,Điện nước,3425130
2024-04-06,Điện nước,3608773
2024-04-07,Điện nước,3464832
2024-04-08,Điện nước,3190176
2024-04-09,Điện nước,3235399
2024-04-10,Điện nước,3464730
2024-04-11,Điện nước,3406059
2024-04-12,Điện nước,3219381
2024-04-13,Điện nước,3279935
2024-04-14,Điện nước,3446580
2024-04-15,Điện nước,3605584
2024-04-16,Điện nước,3112410
2024-04-17,Điện nước,3722149
2024-04-18,Điện nước,3122098
2024-04-19,Điện nước,3404328
2024-04-20,Điện nước,3522187
2024-04-21,Điện nước,3083754
2024-04-22,Điện nước,3270379
2024-04-23,Điện nước,3357108
2024-04-24,Điện nước,3210454
2024-04-25,Điện nước,3182533
2024-04-26,Điện nước,3561372
2024-04-27,Điện nước,3379879
2024-04-28,Điện nước,3558183
2024-04-29,Điện nước,3253214
2024-04-30,Điện nước,3305205
2024-05-01,Điện nước,3614543
2024-05-02,Điện nước,3014770
2024-05-03,Điện nước,3575759
2024-05-04,Điện nước,2978780
2024-05-05,Điện nước,3574650
2024-05-06,Điện nước,3586995
2024-05-07,Điện nước,3010809
2024-05-08,Điện nước,3240036
2024-05-09,Điện nước,3116333
2024-05-10,Điện nước,3169842
2024-05-11,Điện nước,3102731
2024-05-12,Điện nước,3423970
2024-05-13,Điện nước,3238338
2024-05-14,Điện nước,3512252
2024-05-15,Điện nước,3291353
2024-05-16,Điện nước,3167418
2024-05-17,Điện nước,3277062
2024-05-18,Điện nước,3555602
2024-05-19,Điện nước,3370686
2024-05-20,Điện nước,3209807
2024-05-21,Điện nước,3151903
2024-05-22,Điện nước,3230097
2024-05-23,Điện nước,3608846
2024-05-24,Điện nước,3227486
2024-05-25,Điện nước,3070550
2024-05-26,Điện nước,3615484
2024-05-27,Điện nước,3215893
2024-05-28,Điện nước,3011145
2024-05-29,Điện nước,2984901
2024-05-30,Điện nước,3237197
2024-05-31,Điện nước,3419859
2024-06-01,Điện nước,3127791
2024-06-02,Điện nước,3137194
2024-06-03,Điện nước,3241849
2024-06-04,Điện nước,3232259
2024-06-05,Điện nước,3253376
2024-06-06,Điện nước,3740306
2024-06-07,Điện nước,3512999
2024-06-08,Điện nước,3710498
2024-06-09,Điện nước,3617245
2024-06-10,Điện nước,3653518
2024-06-11,Điện nước,3597122
2024-06-12,Điện nước,3365059
2024-06-13,Điện nước,3588357
2024-06-14,Điện nước,3576939
2024-06-15,Điện nước,3694546
2024-06-16,Điện nước,3717954
2024-06-17,Điện nước,3581667
2024-06-18,Điện nước,3715132
2024-06-19,Điện nước,3527929
2024-06-20,Điện nước,3160981
2024-06-21,Điện nước,3648378
2024-06-22,Điện nước,3204047
2024-06-23,Điện nước,3537558
2024-06-24,Điện nước,3416790
2024-06-25,Điện nước,3112652
2024-06-26,Điện nước,3442609
2024-06-27,Điện nước,3471473
2024-06-28,Điện nước,3232181
2024-06-29,Điện nước,3500293
2024-06-30,Điện nước,3558484
2024-07-01,Điện nước,3255139
2024-07-02,Điện nước,3227592
2024-07-03,Điện nước,3312269
2024-07-04,Điện nước,3474826
2024-07-05,Điện nước,3008820
2024-07-06,Điện nước,2996316
2024-07-07,Điện nước,3011096
2024-07-08,Điện nước,3176427
2024-07-09,Điện nước,3449656
2024-07-10,Điện nước,3227361
2024-07-11,Điện nước,3532800
2024-07-12,Điện nước,3068760
2024-07-13,Điện nước,3394439
2024-07-14,Điện nước,3541089
2024-07-15,Điện nước,3357457
2024-07-16,Điện nước,3509637
2024-07-17,Điện nước,3453381
2024-07-18,Điện nước,3320248
2024-07-19,Điện nước,3217842
2024-07-20,Điện nước,3211816
2024-07-21,Điện nước,3320877
2024-07-22,Điện nước,3497487
2024-07-23,Điện nước,3208014
2024-07-24,Điện nước,3052694
2024-07-25,Điện nước,3279487
2024-07-26,Điện nước,3392926
2024-07-27,Điện nước,3614823
2024-07-28,Điện nước,3355104
2024-07-29,Điện nước,3151249
2024-07-30,Điện nước,3022705
2024-07-31,Điện nước,3494810
2024-08-01,Điện nước,3216472
2024-08-02,Điện nước,3398620
2024-08-03,Điện nước,3157152
2024-08-04,Điện nước,3580892
2024-08-05,Điện nước,3209295
2024-08-06,Điện nước,3444120
2024-08-07,Điện nước,3155032
2024-08-08,Điện nước,3356087
2024-08-09,Điện nước,3155140
2024-08-10,Điện nước,3100983
2024-08-11,Điện nước,3399467
2024-08-12,Điện nước,3442024
2024-08-13,Điện nước,3480754
2024-08-14,Điện nước,3469528
2024-08-15,Điện nước,3238692
2024-08-16,Điện nước,3097282
2024-08-17,Điện nước,3522512
2024-08-18,Điện nước,3217886
2024-08-19,Điện nước,3109350
2024-08-20,Điện nước,3137533
2024-08-21,Điện nước,3580661
2024-08-22,Điện nước,3115065
2024-08-23,Điện nước,2988555
2024-08-24,Điện nước,3231970
2024-08-25,Điện nước,3063219
2024-08-26,Điện nước,3236710
2024-08-27,Điện nước,3594230
2024-08-28,Điện nước,3206671
2024-08-29,Điện nước,3123183
2024-08-30,Điện nước,3209736
2024-08-31,Điện nước,3250073
2024-09-01,Điện nước,3316866
2024-09-02,Điện nước,3398820
2024-09-03,Điện nước,3565189
2024-09-04,Điện nước,3318484
2024-09-05,Điện nước,3157873
2024-09-06,Điện nước,3393412
2024-09-07,Điện nước,3696081
2024-09-08,Điện nước,3279729
2024-09-09,Điện nước,3111136
2024-09-10,Điện nước,3464243
2024-09-11,Điện nước,3566747
2024-09-12,Điện nước,3326709
2024-09-13,Điện nước,3510636
2024-09-14,Điện nước,3372369
2024-09-15,Điện nước,3345322
2024-09-16,Điện nước,3148575
2024-09-17,Điện nước,3198624
2024-09-18,Điện nước,3087089
2024-09-19,Điện nước,3283802
2024-09-20,Điện nước,3392220
2024-09-21,Điện nước,3692475
2024-09-22,Điện nước,3734376
2024-09-23,Điện nước,3645064
2024-09-24,Điện nước,3562568
2024-09-25,Điện nước,3545429
2024-09-26,Điện nước,3083117
2024-09-27,Điện nước,3508684
2024-09-28,Điện nước,3245075
2024-09-29,Điện nước,3114302
2024-09-30,Điện nước,3657644
2024-10-01,Điện nước,3172723
2024-10-02,Điện nước,3337945
2024-10-03,Điện nước,3211186
2024-10-04,Điện nước,3197990
2024-10-05,Điện nước,3457604
2024-10-06,Điện nước,3437024
2024-10-07,Điện nước,3366723
2024-10-08,Điện nước,3452482
2024-10-09,Điện nước,3186567
2024-10-10,Điện nước,3573871
2024-10-11,Điện nước,3297209
2024-10-12,Điện nước,3336419
2024-10-13,Điện nước,3531653
2024-10-14,Điện nước,3369192
2024-10-15,Điện nước,3304075
2024-10-16,Điện nước,3062704
2024-10-17,Điện nước,3129581
2024-10-18,Điện nước,3441375
2024-10-19,Điện nước,3516595
2024-10-20,Điện nước,3147434
2024-10-21,Điện nước,3523551
2024-10-22,Điện nước,3219932
2024-10-23,Điện nước,3408703
2024-10-24,Điện nước,3057393
2024-10-25,Điện nước,3477043
2024-10-26,Điện nước,3399023
2024-10-27,Điện nước,3108392
2024-10-28,Điện nước,3087068
2024-10-29,Điện nước,3024989
2024-10-30,Điện nước,3076151
2024-10-31,Điện nước,3364786
2024-11-01,Điện nước,3304365
2024-11-02,Điện nước,3396791
2024-11-03,Điện nước,3301404
2024-11-04,Điện nước,3696277
2024-11-05,Điện nước,3469731
2024-11-06,Điện nước,3525117
2024-11-07,Điện nước,3299533
2024-11-08,Điện nước,3323249
2024-11-09,Điện nước,3153065
2024-11-10,Điện nước,3713375
2024-11-11,Điện nước,3460915
2024-11-12,Điện nước,3593123
2024-11-13,Điện nước,3737049
2024-11-14,Điện nước,3399735
2024-11-15,Điện nước,3185194
2024-11-16,Điện nước,3399766
2024-11-17,Điện nước,3375636
2024-11-18,Điện nước,3403069
2024-11-19,Điện nước,3100927
2024-11-20,Điện nước,3565722
2024-11-21,Điện nước,3721117
2024-11-22,Điện nước,3473211
2024-11-23,Điện nước,3656834
2024-11-24,Điện nước,3298936
2024-11-25,Điện nước,3710713
2024-11-26,Điện nước,3670315
2024-11-27,Điện nước,3342900
2024-11-28,Điện nước,3292068
2024-11-29,Điện nước,3547925
2024-11-30,Điện nước,3397504
2024-12-01,Điện nước,3046257
2024-12-02,Điện nước,2986000
2024-12-03,Điện nước,3028181
2024-12-04,Điện nước,3270869
2024-12-05,Điện nước,3485957
2024-12-06,Điện nước,3142496
2024-12-07,Điện nước,3280003
2024-12-08,Điện nước,3411736
2024-12-09,Điện nước,3085778
2024-12-10,Điện nước,3623731
2024-12-11,Điện nước,3260142
2024-12-12,Điện nước,3225255
2024-12-13,Điện nước,3459459
2024-12-14,Điện nước,3271375
2024-12-15,Điện nước,3549293
2024-12-16,Điện nước,3046606
2024-12-17,Điện nước,3019016
2024-12-18,Điện nước,3281383
2024-12-19,Điện nước,3570007
2024-12-20,Điện nước,3249186
2024-12-21,Điện nước,3112201
2024-12-22,Điện nước,3356129
2024-12-23,Điện nước,3183613
2024-12-24,Điện nước,3176240
2024-12-25,Điện nước,3069124
2024-12-26,Điện nước,3008660
2024-12-27,Điện nước,3451608
2024-12-28,Điện nước,3135252
2024-12-29,Điện nước,3535575
2024-12-30,Điện nước,3591741
2024-12-31,Điện nước,3586693
2024-01-01,Văn phòng phẩm,3105210
2024-01-02,Văn phòng phẩm,3623451
2024-01-03,Văn phòng phẩm,3499420
2024-01-04,Văn phòng phẩm,3600145
2024-01-05,Văn phòng phẩm,2988439
2024-01-06,Văn phòng phẩm,3463514
2024-01-07,Văn phòng phẩm,3019243
2024-01-08,Văn phòng phẩm,3481233
2024-01-09,Văn phòng phẩm,3159590
2024-01-10,Văn phòng phẩm,3129030
2024-01-11,Văn phòng phẩm,3115550
2024-01-12,Văn phòng phẩm,3439582
2024-01-13,Văn phòng phẩm,3614791
2024-01-14,Văn phòng phẩm,3062861
2024-01-15,Văn phòng phẩm,3115326
2024-01-16,Văn phòng phẩm,3352235
2024-01-17,Văn phòng phẩm,3501621
2024-01-18,Văn phòng phẩm,3174172
2024-01-19,Văn phòng phẩm,3151638
2024-01-20,Văn phòng phẩm,3028870
2024-01-21,Văn phòng phẩm,2977901
2024-01-22,Văn phòng phẩm,2992494
2024-01-23,Văn phòng phẩm,2988513
2024-01-24,Văn phòng phẩm,3360730
2024-01-25,Văn phòng phẩm,3221991
2024-01-26,Văn phòng phẩm,3374550
2024-01-27,Văn phòng phẩm,3328302
2024-01-28,Văn phòng phẩm,3283515
2024-01-29,Văn phòng phẩm,3209935
2024-01-30,Văn phòng phẩm,3338443
2024-01-31,Văn phòng phẩm,3055821
2024-02-01,Văn phòng phẩm,3665168
2024-02-02,Văn phòng phẩm,3563367
2024-02-03,Văn phòng phẩm,3563379
2024-02-04,Văn phòng phẩm,3192460
2024-02-05,Văn phòng phẩm,3222729
2024-02-06,Văn phòng phẩm,3338867
2024-02-07,Văn phòng phẩm,3576774
2024-02-08,Văn phòng phẩm,3355574
2024-02-09,Văn phòng phẩm,3378197
2024-02-10,Văn phòng phẩm,3619721
2024-02-11,Văn phòng phẩm,3479782
2024-02-12,Văn phòng phẩm,3728929
2024-02-13,Văn phòng phẩm,3434298
2024-02-14,Văn phòng phẩm,3336285
2024-02-15,Văn phòng phẩm,3742404
2024-02-16,Văn phòng phẩm,3331023
2024-02-17,Văn phòng phẩm,3393206
2024-02-18,Văn phòng phẩm,3316382
2024-02-19,Văn phòng phẩm,3528922
2024-02-20,Văn phòng phẩm,3307856
2024-02-21,Văn phòng phẩm,3561243
2024-02-22,Văn phòng phẩm,3317356
2024-02-23,Văn phòng phẩm,3417504
2024-02-24,Văn phòng phẩm,3676346
2024-02-25,Văn phòng phẩm,3349792
2024-02-26,Văn phòng phẩm,3347791
2024-02-27,Văn phòng phẩm,3298483
2024-02-28,Văn phòng phẩm,3690848
2024-02-29,Văn phòng phẩm,3693138
2024-03-01,Văn phòng phẩm,3473232
2024-03-02,Văn phòng phẩm,3249439
2024-03-03,Văn phòng phẩm,3201585
2024-03-04,Văn phòng phẩm,3295520
2024-03-05,Văn phòng phẩm,3475029
2024-03-06,Văn phòng phẩm,2986149
2024-03-07,Văn phòng phẩm,3531699
2024-03-08,Văn phòng phẩm,3137479
2024-03-09,Văn phòng phẩm,3352315
2024-03-10,Văn phòng phẩm,3215182
2024-03-11,Văn phòng phẩm,3355184
2024-03-12,Văn phòng phẩm,3027856
2024-03-13,Văn phòng phẩm,3443707
2024-03-14,Văn phòng phẩm,3254826
2024-03-15,Văn phòng phẩm,3062459
2024-03-16,Văn phòng phẩm,3294398
2024-03-17,Văn phòng phẩm,3625134
2024-03-18,Văn phòng phẩm,3048084
2024-03-19,Văn phòng phẩm,3484807
2024-03-20,Văn phòng phẩm,3255693
2024-03-21,Văn phòng phẩm,3225281
2024-03-22,Văn phòng phẩm,3329861
2024-03-23,Văn phòng phẩm,3460539
2024-03-24,Văn phòng phẩm,3438769
2024-03-25,Văn phòng phẩm,3101695
2024-03-26,Văn phòng phẩm,3421940
2024-03-27,Văn phòng phẩm,3397191
2024-03-28,Văn phòng phẩm,3537979
2024-03-29,Văn phòng phẩm,2979819
2024-03-30,Văn phòng phẩm,3595192
2024-03-31,Văn phòng phẩm,3148219
2024-04-01,Văn phòng phẩm,3495514
2024-04-02,Văn phòng phẩm,3625988
2024-04-03,Văn phòng phẩm,3173055
2024-04-04,Văn phòng phẩm,3592956
2024-04-05,Văn phòng phẩm,3269523
2024-04-06,Văn phòng phẩm,3529337
2024-04-07,Văn phòng phẩm,3161249
2024-04-08,Văn phòng phẩm,3509343
2024-04-09,Văn phòng phẩm,3460678
2024-04-10,Văn phòng phẩm,3260735
2024-04-11,Văn phòng phẩm,3654788
2024-04-12,Văn phòng phẩm,3403804
2024-04-13,Văn phòng phẩm,3744489
2024-04-14,Văn phòng phẩm,3292630
2024-04-15,Văn phòng phẩm,3247919
2024-04-16,Văn phòng phẩm,3679778
2024-04-17,Văn phòng phẩm,3200102
2024-04-18,Văn phòng phẩm,3716234
2024-04-19,Văn phòng phẩm,3403931
2024-04-20,Văn phòng phẩm,3483265
2024-04-21,Văn phòng phẩm,3184420
2024-04-22,Văn phòng phẩm,3273123
2024-04-23,Văn phòng phẩm,3170124
2024-04-24,Văn phòng phẩm,3753521
2024-04-25,Văn phòng phẩm,3258114
2024-04-26,Văn phòng phẩm,3471927
2024-04-27,Văn phòng phẩm,3494175
2024-04-28,Văn phòng phẩm,3734054
2024-04-29,Văn phòng phẩm,3550662
2024-04-30,Văn phòng phẩm,3145175
2024-05-01,Văn phòng phẩm,3490027
2024-05-02,Văn phòng phẩm,3064122
2024-05-03,Văn phòng phẩm,3385185
2024-05-04,Văn phòng phẩm,3087859
2024-05-05,Văn phòng phẩm,3540520
2024-05-06,Văn phòng phẩm,2975558
2024-05-07,Văn phòng phẩm,3342550
2024-05-08,Văn phòng phẩm,3443722
2024-05-09,Văn phòng phẩm,3289332
2024-05-10,Văn phòng phẩm,3109628
2024-05-11,Văn phòng phẩm,3414934
2024-05-12,Văn phòng phẩm,3542365
2024-05-13,Văn phòng phẩm,3425893
2024-05-14,Văn phòng phẩm,3465000
2024-05-15,Văn phòng phẩm,3524539
2024-05-16,Văn phòng phẩm,3268072
2024-05-17,Văn phòng phẩm,3182479
2024-05-18,Văn phòng phẩm,3599491
2024-05-19,Văn phòng phẩm,3515938
2024-05-20,Văn phòng phẩm,3367707
2024-05-21,Văn phòng phẩm,3504996
2024-05-22,Văn phòng phẩm,3163239
2024-05-23,Văn phòng phẩm,3055453
2024-05-24,Văn phòng phẩm,3513430
2024-05-25,Văn phòng phẩm,3412899
2024-05-26,Văn phòng phẩm,3400253
2024-05-27,Văn phòng phẩm,2977650
2024-05-28,Văn phòng phẩm,3087756
2024-05-29,Văn phòng phẩm,3219319
2024-05-30,Văn phòng phẩm,3056426
2024-05-31,Văn phòng phẩm,3329152
2024-06-01,Văn phòng phẩm,3210418
2024-06-02,Văn phòng phẩm,3108140
2024-06-03,Văn phòng phẩm,3120608
2024-06-04,Văn phòng phẩm,3444555
2024-06-05,Văn phòng phẩm,3465167
2024-06-06,Văn phòng phẩm,3371409
2024-06-07,Văn phòng phẩm,3125112
2024-06-08,Văn phòng phẩm,3324930
2024-06-09,Văn phòng phẩm,3246523
2024-06-10,Văn phòng phẩm,3139968
2024-06-11,Văn phòng phẩm,3094149
2024-06-12,Văn phòng phẩm,3386517
2024-06-13,Văn phòng phẩm,3155330
2024-06-14,Văn phòng phẩm,3375902
2024-06-15,Văn phòng phẩm,3286446
2024-06-16,Văn phòng phẩm,3241036
2024-06-17,Văn phòng phẩm,3341501
2024-06-18,Văn phòng phẩm,3367677
2024-06-19,Văn phòng phẩm,3374605
2024-06-20,Văn phòng phẩm,3593378
2024-06-21,Văn phòng phẩm,3499360
2024-06-22,Văn phòng phẩm,3306873
2024-06-23,Văn phòng phẩm,3399705
2024-06-24,Văn phòng phẩm,3603731
2024-06-25,Văn phòng phẩm,3399888
2024-06-26,Văn phòng phẩm,3533778
2024-06-27,Văn phòng phẩm,3192504
2024-06-28,Văn phòng phẩm,3484605
2024-06-29,Văn phòng phẩm,3657277
2024-06-30,Văn phòng phẩm,3331117
2024-07-01,Văn phòng phẩm,3082159
2024-07-02,Văn phòng phẩm,3488944
2024-07-03,Văn phòng phẩm,3496846
2024-07-04,Văn phòng phẩm,3348213
2024-07-05,Văn phòng phẩm,3305540
2024-07-06,Văn phòng phẩm,3546188
2024-07-07,Văn phòng phẩm,3081800
2024-07-08,Văn phòng phẩm,3120007
2024-07-09,Văn phòng phẩm,3142408
2024-07-10,Văn phòng phẩm,3082534
2024-07-11,Văn phòng phẩm,3168299
2024-07-12,Văn phòng phẩm,3314537
2024-07-13,Văn phòng phẩm,3554848
2024-07-14,Văn phòng phẩm,3365240
2024-07-15,Văn phòng phẩm,3253022
2024-07-16,Văn phòng phẩm,3288810
2024-07-17,Văn phòng phẩm,3271741
2024-07-18,Văn phòng phẩm,3137909
2024-07-19,Văn phòng phẩm,3028235
2024-07-20,Văn phòng phẩm,3112675
2024-07-21,Văn phòng phẩm,3073789
2024-07-22,Văn phòng phẩm,3525194
2024-07-23,Văn phòng phẩm,3625715
2024-07-24,Văn phòng phẩm,3546930
2024-07-25,Văn phòng phẩm,3047815
2024-07-26,Văn phòng phẩm,3569142
2024-07-27,Văn phòng phẩm,3069559
2024-07-28,Văn phòng phẩm,3331679
2024-07-29,Văn phòng phẩm,2985349
2024-07-30,Văn phòng phẩm,3409975
2024-07-31,Văn phòng phẩm,3160197
2024-08-01,Văn phòng phẩm,3339515
2024-08-02,Văn phòng phẩm,3266706
2024-08-03,Văn phòng phẩm,3331213
2024-08-04,Văn phòng phẩm,2992055
2024-08-05,Văn phòng phẩm,3328216
2024-08-06,Văn phòng phẩm,3466579
2024-08-07,Văn phòng phẩm,3279217
2024-08-08,Văn phòng phẩm,3631699
2024-08-09,Văn phòng phẩm,3611866
2024-08-10,Văn phòng phẩm,3390376
2024-08-11,Văn phòng phẩm,3129118
2024-08-12,Văn phòng phẩm,3035071
2024-08-13,Văn phòng phẩm,3067600
2024-08-14,Văn phòng phẩm,3559270
2024-08-15,Văn phòng phẩm,3101798
2024-08-16,Văn phòng phẩm,3615351
2024-08-17,Văn phòng phẩm,3453171
2024-08-18,Văn phòng phẩm,3045967
2024-08-19,Văn phòng phẩm,3107972
2024-08-20,Văn phòng phẩm,3055537
2024-08-21,Văn phòng phẩm,3479692
2024-08-22,Văn phòng phẩm,3342252
2024-08-23,Văn phòng phẩm,3554099
2024-08-24,Văn phòng phẩm,3055955
2024-08-25,Văn phòng phẩm,3234886
2024-08-26,Văn phòng phẩm,3083186
2024-08-27,Văn phòng phẩm,3154810
2024-08-28,Văn phòng phẩm,3017080
2024-08-29,Văn phòng phẩm,3175854
2024-08-30,Văn phòng phẩm,3470420
2024-08-31,Văn phòng phẩm,3564709
2024-09-01,Văn phòng phẩm,3638143
2024-09-02,Văn phòng phẩm,3307278
2024-09-03,Văn phòng phẩm,3175244
2024-09-04,Văn phòng phẩm,3085520
2024-09-05,Văn phòng phẩm,3332811
2024-09-06,Văn phòng phẩm,3443688
2024-09-07,Văn phòng phẩm,3288892
2024-09-08,Văn phòng phẩm,3592363
2024-09-09,Văn phòng phẩm,3370845
2024-09-10,Văn phòng phẩm,3262625
2024-09-11,Văn phòng phẩm,3565410
2024-09-12,Văn phòng phẩm,3357265
2024-09-13,Văn phòng phẩm,3604304
2024-09-14,Văn phòng phẩm,3426070
2024-09-15,Văn phòng phẩm,3627501
2024-09-16,Văn phòng phẩm,3565070
2024-09-17,Văn phòng phẩm,3581638
2024-09-18,Văn phòng phẩm,3212309
2024-09-19,Văn phòng phẩm,3250845
2024-09-20,Văn phòng phẩm,3267674
2024-09-21,Văn phòng phẩm,3606650
2024-09-22,Văn phòng phẩm,3421927
2024-09-23,Văn phòng phẩm,3383128
2024-09-24,Văn phòng phẩm,3482496
2024-09-25,Văn phòng phẩm,3147551
2024-09-26,Văn phòng phẩm,3336809
2024-09-27,Văn phòng phẩm,3179067
2024-09-28,Văn phòng phẩm,3243592
2024-09-29,Văn phòng phẩm,3630957
2024-09-30,Văn phòng phẩm,3566626
2024-10-01,Văn phòng phẩm,3287695
2024-10-02,Văn phòng phẩm,2990782
2024-10-03,Văn phòng phẩm,3482990
2024-10-04,Văn phòng phẩm,3359935
2024-10-05,Văn phòng phẩm,3568267
2024-10-06,Văn phòng phẩm,3538516
2024-10-07,Văn phòng phẩm,3510093
2024-10-08,Văn phòng phẩm,3343427
2024-10-09,Văn phòng phẩm,3244768
2024-10-10,Văn phòng phẩm,3102775
2024-10-11,Văn phòng phẩm,3438400
2024-10-12,Văn phòng phẩm,3583192
2024-10-13,Văn phòng phẩm,3105191
2024-10-14,Văn phòng phẩm,3269541
2024-10-15,Văn phòng phẩm,3323785
2024-10-16,Văn phòng phẩm,3118632
2024-10-17,Văn phòng phẩm,3287123
2024-10-18,Văn phòng phẩm,3380811
2024-10-19,Văn phòng phẩm,3269464
2024-10-20,Văn phòng phẩm,3137243
2024-10-21,Văn phòng phẩm,2974988
2024-10-22,Văn phòng phẩm,3505199
2024-10-23,Văn phòng phẩm,3374676
2024-10-24,Văn phòng phẩm,3058625
2024-10-25,Văn phòng phẩm,3542157
2024-10-26,Văn phòng phẩm,3302008
2024-10-27,Văn phòng phẩm,3534983
2024-10-28,Văn phòng phẩm,3012709
2024-10-29,Văn phòng phẩm,3395542
2024-10-30,Văn phòng phẩm,3101193
2024-10-31,Văn phòng phẩm,3293539
2024-11-01,Văn phòng phẩm,3738774
2024-11-02,Văn phòng phẩm,3074152
2024-11-03,Văn phòng phẩm,3081228
2024-11-04,Văn phòng phẩm,3528927
2024-11-05,Văn phòng phẩm,3211885
2024-11-06,Văn phòng phẩm,3591010
2024-11-07,Văn phòng phẩm,3492624
2024-11-08,Văn phòng phẩm,3163556
2024-11-09,Văn phòng phẩm,3116999
2024-11-10,Văn phòng phẩm,3672044
2024-11-11,Văn phòng phẩm,3615294
2024-11-12,Văn phòng phẩm,3607944
2024-11-13,Văn phòng phẩm,3518116
2024-11-14,Văn phòng phẩm,3114895
2024-11-15,Văn phòng phẩm,3738351
2024-11-16,Văn phòng phẩm,3197405
2024-11-17,Văn phòng phẩm,3110265
2024-11-18,Văn phòng phẩm,3337032
2024-11-19,Văn phòng phẩm,3127605
2024-11-20,Văn phòng phẩm,3217755
2024-11-21,Văn phòng phẩm,3451580
2024-11-22,Văn phòng phẩm,3193534
2024-11-23,Văn phòng phẩm,3496779
2024-11-24,Văn phòng phẩm,3329287
2024-11-25,Văn phòng phẩm,3627702
2024-11-26,Văn phòng phẩm,3731737
2024-11-27,Văn phòng phẩm,3260061
2024-11-28,Văn phòng phẩm,3683351
2024-11-29,Văn phòng phẩm,3672781
2024-11-30,Văn phòng phẩm,3456098
2024-12-01,Văn phòng phẩm,2998295
2024-12-02,Văn phòng phẩm,3322254
2024-12-03,Văn phòng phẩm,3238957
2024-12-04,Văn phòng phẩm,3396410
2024-12-05,Văn phòng phẩm,3429529
2024-12-06,Văn phòng phẩm,2998305
2024-12-07,Văn phòng phẩm,3233354
2024-12-08,Văn phòng phẩm,3106188
2024-12-09,Văn phòng phẩm,2980848
2024-12-10,Văn phòng phẩm,2988266
2024-12-11,Văn phòng phẩm,3599101
2024-12-12,Văn phòng phẩm,2976020
2024-12-13,Văn phòng phẩm,3569523
2024-12-14,Văn phòng phẩm,3517434
2024-12-15,Văn phòng phẩm,3207428
2024-12-16,Văn phòng phẩm,3149301
2024-12-17,Văn phòng phẩm,3211704
2024-12-18,Văn phòng phẩm,3338081
2024-12-19,Văn phòng phẩm,3355873
2024-12-20,Văn phòng phẩm,3454859
2024-12-21,Văn phòng phẩm,3252575
2024-12-22,Văn phòng phẩm,3062191
2024-12-23,Văn phòng phẩm,3113746
2024-12-24,Văn phòng phẩm,3454090
2024-12-25,Văn phòng phẩm,3085297
2024-12-26,Văn phòng phẩm,3631825
2024-12-27,Văn phòng phẩm,3256770
2024-12-28,Văn phòng phẩm,3237987
2024-12-29,Văn phòng phẩm,3547031
2024-12-30,Văn phòng phẩm,3404983
2024-12-31,Văn phòng phẩm,3157148
2024-01-01,Bảo trì thiết bị,3600045
2024-01-02,Bảo trì thiết bị,2980174
2024-01-03,Bảo trì thiết bị,3078146
2024-01-04,Bảo trì thiết bị,3063674
2024-01-05,Bảo trì thiết bị,3212733
2024-01-06,Bảo trì thiết bị,3029182
2024-01-07,Bảo trì thiết bị,3445082
2024-01-08,Bảo trì thiết bị,3469803
2024-01-09,Bảo trì thiết bị,3566936
2024-01-10,Bảo trì thiết bị,3236547
2024-01-11,Bảo trì thiết bị,3412200
2024-01-12,Bảo trì thiết bị,3377677
2024-01-13,Bảo trì thiết bị,3433069
2024-01-14,Bảo trì thiết bị,3216290
2024-01-15,Bảo trì thiết bị,3070892
2024-01-16,Bảo trì thiết bị,3076797
2024-01-17,Bảo trì thiết bị,3066604
2024-01-18,Bảo trì thiết bị,3397647
2024-01-19,Bảo trì thiết bị,3380733
2024-01-20,Bảo trì thiết bị,3367101
2024-01-21,Bảo trì thiết bị,3051711
2024-01-22,Bảo trì thiết bị,3395030
2024-01-23,Bảo trì thiết bị,3523318
2024-01-24,Bảo trì thiết bị,3518715
2024-01-25,Bảo trì thiết bị,3004050
2024-01-26,Bảo trì thiết bị,3466639
2024-01-27,Bảo trì thiết bị,3632950
2024-01-28,Bảo trì thiết bị,3598943
2024-01-29,Bảo trì thiết bị,3518231
2024-01-30,Bảo trì thiết bị,3558858
2024-01-31,Bảo trì thiết bị,3317624
2024-02-01,Bảo trì thiết bị,3605948
2024-02-02,Bảo trì thiết bị,3774842
2024-02-03,Bảo trì thiết bị,3228711
2024-02-04,Bảo trì thiết bị,3365925
2024-02-05,Bảo trì thiết bị,3312844
2024-02-06,Bảo trì thiết bị,3533726
2024-02-07,Bảo trì thiết bị,3191903
2024-02-08,Bảo trì thiết bị,3857194
2024-02-09,Bảo trì thiết bị,3380272
2024-02-10,Bảo trì thiết bị,3532150
2024-02-11,Bảo trì thiết bị,3599026
2024-02-12,Bảo trì thiết bị,3699750
2024-02-13,Bảo trì thiết bị,3613013
2024-02-14,Bảo trì thiết bị,3715466
2024-02-15,Bảo trì thiết bị,3357253
2024-02-16,Bảo trì thiết bị,3389772
2024-02-17,Bảo trì thiết bị,3768785
2024-02-18,Bảo trì thiết bị,3701717
2024-02-19,Bảo trì thiết bị,3462363
2024-02-20,Bảo trì thiết bị,3576721
2024-02-21,Bảo trì thiết bị,3523895
2024-02-22,Bảo trì thiết bị,3756534
2024-02-23,Bảo trì thiết bị,3559907
2024-02-24,Bảo trì thiết bị,3468072
2024-02-25,Bảo trì thiết bị,3482873
2024-02-26,Bảo trì thiết bị,3489960
2024-02-27,Bảo trì thiết bị,3645141
2024-02-28,Bảo trì thiết bị,3854677
2024-02-29,Bảo trì thiết bị,3234055
2024-03-01,Bảo trì thiết bị,3314102
2024-03-02,Bảo trì thiết bị,3331222
2024-03-03,Bảo trì thiết bị,3069477
2024-03-04,Bảo trì thiết bị,3177487
2024-03-05,Bảo trì thiết bị,3416112
2024-03-06,Bảo trì thiết bị,3149356
2024-03-07,Bảo trì thiết bị,3022500
2024-03-08,Bảo trì thiết bị,3345657
2024-03-09,Bảo trì thiết bị,3373864
2024-03-10,Bảo trì thiết bị,3337209
2024-03-11,Bảo trì thiết bị,3041533
2024-03-12,Bảo trì thiết bị,3189058
2024-03-13,Bảo trì thiết bị,3261648
2024-03-14,Bảo trì thiết bị,3295846
2024-03-15,Bảo trì thiết bị,3268426
2024-03-16,Bảo trì thiết bị,3477666
2024-03-17,Bảo trì thiết bị,3065836
2024-03-18,Bảo trì thiết bị,3009701
2024-03-19,Bảo trì thiết bị,3401308
2024-03-20,Bảo trì thiết bị,3105747
2024-03-21,Bảo trì thiết bị,2982457
2024-03-22,Bảo trì thiết bị,3256117
2024-03-23,Bảo trì thiết bị,3128938
2024-03-24,Bảo trì thiết bị,3547093
2024-03-25,Bảo trì thiết bị,3573186
2024-03-26,Bảo trì thiết bị,3393898
2024-03-27,Bảo trì thiết bị,3260110
2024-03-28,Bảo trì thiết bị,3352905
2024-03-29,Bảo trì thiết bị,3564784
2024-03-30,Bảo trì thiết bị,3575458
2024-03-31,Bảo trì thiết bị,2983592
2024-04-01,Bảo trì thiết bị,3154804
2024-04-02,Bảo trì thiết bị,3389612
2024-04-03,Bảo trì thiết bị,3265979
2024-04-04,Bảo trì thiết bị,3321385
2024-04-05,Bảo trì thiết bị,3584034
2024-04-06,Bảo trì thiết bị,3332917
2024-04-07,Bảo trì thiết bị,3682368
2024-04-08,Bảo trì thiết bị,3169206
2024-04-09,Bảo trì thiết bị,3307410
2024-04-10,Bảo trì thiết bị,3534285
2024-04-11,Bảo trì thiết bị,3353224
2024-04-12,Bảo trì thiết bị,3203249
2024-04-13,Bảo trì thiết bị,3562380
2024-04-14,Bảo trì thiết bị,3620347
2024-04-15,Bảo trì thiết bị,3138953
2024-04-16,Bảo trì thiết bị,3486815
2024-04-17,Bảo trì thiết bị,3648464
2024-04-18,Bảo trì thiết bị,3616520
2024-04-19,Bảo trì thiết bị,3529056
2024-04-20,Bảo trì thiết bị,3100946
2024-04-21,Bảo trì thiết bị,3094948
2024-04-22,Bảo trì thiết bị,3549650
2024-04-23,Bảo trì thiết bị,3474967
2024-04-24,Bảo trì thiết bị,3651619
2024-04-25,Bảo trì thiết bị,3087308
2024-04-26,Bảo trì thiết bị,3435494
2024-04-27,Bảo trì thiết bị,3654160
2024-04-28,Bảo trì thiết bị,3395363
2024-04-29,Bảo trì thiết bị,3247414
2024-04-30,Bảo trì thiết bị,3210168
2024-05-01,Bảo trì thiết bị,3524359
2024-05-02,Bảo trì thiết bị,3493664
2024-05-03,Bảo trì thiết bị,3502791
2024-05-04,Bảo trì thiết bị,3390503
2024-05-05,Bảo trì thiết bị,3475139
2024-05-06,Bảo trì thiết bị,3556681
2024-05-07,Bảo trì thiết bị,3630759
2024-05-08,Bảo trì thiết bị,3403947
2024-05-09,Bảo trì thiết bị,2977223
2024-05-10,Bảo trì thiết bị,3204327
2024-05-11,Bảo trì thiết bị,3509063
2024-05-12,Bảo trì thiết bị,3345569
2024-05-13,Bảo trì thiết bị,3455353
2024-05-14,Bảo trì thiết bị,3439625
2024-05-15,Bảo trì thiết bị,3060321
2024-05-16,Bảo trì thiết bị,3136913
2024-05-17,Bảo trì thiết bị,3276658
2024-05-18,Bảo trì thiết bị,3017253
2024-05-19,Bảo trì thiết bị,3435632
2024-05-20,Bảo trì thiết bị,3604080
2024-05-21,Bảo trì thiết bị,3347245
2024-05-22,Bảo trì thiết bị,3420883
2024-05-23,Bảo trì thiết bị,2992895
2024-05-24,Bảo trì thiết bị,3336526
2024-05-25,Bảo trì thiết bị,2990591
2024-05-26,Bảo trì thiết bị,2990046
2024-05-27,Bảo trì thiết bị,3054897
2024-05-28,Bảo trì thiết bị,3526344
2024-05-29,Bảo trì thiết bị,3585465
2024-05-30,Bảo trì thiết bị,3093997
2024-05-31,Bảo trì thiết bị,3072906
2024-06-01,Bảo trì thiết bị,3608090
2024-06-02,Bảo trì thiết bị,3370165
2024-06-03,Bảo trì thiết bị,3232759
2024-06-04,Bảo trì thiết bị,3637088
2024-06-05,Bảo trì thiết bị,3506937
2024-06-06,Bảo trì thiết bị,3293614
2024-06-07,Bảo trì thiết bị,3322573
2024-06-08,Bảo trì thiết bị,3395090
2024-06-09,Bảo trì thiết bị,3385854
2024-06-10,Bảo trì thiết bị,3160671
2024-06-11,Bảo trì thiết bị,3257126
2024-06-12,Bảo trì thiết bị,3306977
2024-06-13,Bảo trì thiết bị,3700849
2024-06-14,Bảo trì thiết bị,3311244
2024-06-15,Bảo trì thiết bị,3442090
2024-06-16,Bảo trì thiết bị,3320425
2024-06-17,Bảo trì thiết bị,3429885
2024-06-18,Bảo trì thiết bị,3448096
2024-06-19,Bảo trì thiết bị,3502401
2024-06-20,Bảo trì thiết bị,3439421
2024-06-21,Bảo trì thiết bị,3349175
2024-06-22,Bảo trì thiết bị,3255170
2024-06-23,Bảo trì thiết bị,3380568
2024-06-24,Bảo trì thiết bị,3197190
2024-06-25,Bảo trì thiết bị,3702010
2024-06-26,Bảo trì thiết bị,3728093
2024-06-27,Bảo trì thiết bị,3077632
2024-06-28,Bảo trì thiết bị,3639779
2024-06-29,Bảo trì thiết bị,3173173
2024-06-30,Bảo trì thiết bị,3364552
2024-07-01,Bảo trì thiết bị,3365887
2024-07-02,Bảo trì thiết bị,3140673
2024-07-03,Bảo trì thiết bị,3623595
2024-07-04,Bảo trì thiết bị,3172526
2024-07-05,Bảo trì thiết bị,3482048
2024-07-06,Bảo trì thiết bị,3048782
2024-07-07,Bảo trì thiết bị,3266550
2024-07-08,Bảo trì thiết bị,3570334
2024-07-09,Bảo trì thiết bị,3463514
2024-07-10,Bảo trì thiết bị,3541187
2024-07-11,Bảo trì thiết bị,3393112
2024-07-12,Bảo trì thiết bị,3402520
2024-07-13,Bảo trì thiết bị,3032497
2024-07-14,Bảo trì thiết bị,2982680
2024-07-15,Bảo trì thiết bị,3007214
2024-07-16,Bảo trì thiết bị,3025440
2024-07-17,Bảo trì thiết bị,3627187
2024-07-18,Bảo trì thiết bị,3507069
2024-07-19,Bảo trì thiết bị,3177895
2024-07-20,Bảo trì thiết bị,3477750
2024-07-21,Bảo trì thiết bị,3222672
2024-07-22,Bảo trì thiết bị,3557486
2024-07-23,Bảo trì thiết bị,3022469
2024-07-24,Bảo trì thiết bị,3344694
2024-07-25,Bảo trì thiết bị,3603484
2024-07-26,Bảo trì thiết bị,3617926
2024-07-27,Bảo trì thiết bị,3079085
2024-07-28,Bảo trì thiết bị,3613842
2024-07-29,Bảo trì thiết bị,3034551
2024-07-30,Bảo trì thiết bị,3089861
2024-07-31,Bảo trì thiết bị,3411865
2024-08-01,Bảo trì thiết bị,3145897
2024-08-02,Bảo trì thiết bị,3445305
2024-08-03,Bảo trì thiết bị,3442586
2024-08-04,Bảo trì thiết bị,3046023
2024-08-05,Bảo trì thiết bị,2981482
2024-08-06,Bảo trì thiết bị,3201971
2024-08-07,Bảo trì thiết bị,3460341
2024-08-08,Bảo trì thiết bị,3293043
2024-08-09,Bảo trì thiết bị,3091472
2024-08-10,Bảo trì thiết bị,3117197
2024-08-11,Bảo trì thiết bị,3013929
2024-08-12,Bảo trì thiết bị,3043523
2024-08-13,Bảo trì thiết bị,3347375
2024-08-14,Bảo trì thiết bị,3345128
2024-08-15,Bảo trì thiết bị,3303557
2024-08-16,Bảo trì thiết bị,3025591
2024-08-17,Bảo trì thiết bị,3264653
2024-08-18,Bảo trì thiết bị,3365117
2024-08-19,Bảo trì thiết bị,3523101
2024-08-20,Bảo trì thiết bị,3158713
2024-08-21,Bảo trì thiết bị,3083137
2024-08-22,Bảo trì thiết bị,3496563
2024-08-23,Bảo trì thiết bị,2997048
2024-08-24,Bảo trì thiết bị,2997030
2024-08-25,Bảo trì thiết bị,3081707
2024-08-26,Bảo trì thiết bị,3306344
2024-08-27,Bảo trì thiết bị,3144766
2024-08-28,Bảo trì thiết bị,3296449
2024-08-29,Bảo trì thiết bị,3535918
2024-08-30,Bảo trì thiết bị,3493874
2024-08-31,Bảo trì thiết bị,3067726
2024-09-01,Bảo trì thiết bị,3688505
2024-09-02,Bảo trì thiết bị,3619305
2024-09-03,Bảo trì thiết bị,3328748
2024-09-04,Bảo trì thiết bị,3343547
2024-09-05,Bảo trì thiết bị,3467592
2024-09-06,Bảo trì thiết bị,3079337
2024-09-07,Bảo trì thiết bị,3414482
2024-09-08,Bảo trì thiết bị,3380992
2024-09-09,Bảo trì thiết bị,3450979
2024-09-10,Bảo trì thiết bị,3526511
2024-09-11,Bảo trì thiết bị,3209737
2024-09-12,Bảo trì thiết bị,3293179
2024-09-13,Bảo trì thiết bị,3090431
2024-09-14,Bảo trì thiết bị,3469743
2024-09-15,Bảo trì thiết bị,3583970
2024-09-16,Bảo trì thiết bị,3640203
2024-09-17,Bảo trì thiết bị,3416656
2024-09-18,Bảo trì thiết bị,3561369
2024-09-19,Bảo trì thiết bị,3540530
2024-09-20,Bảo trì thiết bị,3342506
2024-09-21,Bảo trì thiết bị,3642585
2024-09-22,Bảo trì thiết bị,3091441
2024-09-23,Bảo trì thiết bị,3487151
2024-09-24,Bảo trì thiết bị,3384985
2024-09-25,Bảo trì thiết bị,3659263
2024-09-26,Bảo trì thiết bị,3521575
2024-09-27,Bảo trì thiết bị,3697126
2024-09-28,Bảo trì thiết bị,3477351
2024-09-29,Bảo trì thiết bị,3609047
2024-09-30,Bảo trì thiết bị,3450742
2024-10-01,Bảo trì thiết bị,3450582
2024-10-02,Bảo trì thiết bị,3564952
2024-10-03,Bảo trì thiết bị,3145687
2024-10-04,Bảo trì thiết bị,3496076
2024-10-05,Bảo trì thiết bị,3382756
2024-10-06,Bảo trì thiết bị,3333001
2024-10-07,Bảo trì thiết bị,3144534
2024-10-08,Bảo trì thiết bị,3073223
2024-10-09,Bảo trì thiết bị,3355405
2024-10-10,Bảo trì thiết bị,3439952
2024-10-11,Bảo trì thiết bị,3625704
2024-10-12,Bảo trì thiết bị,3427034
2024-10-13,Bảo trì thiết bị,3360295
2024-10-14,Bảo trì thiết bị,3537498
2024-10-15,Bảo trì thiết bị,3294276
2024-10-16,Bảo trì thiết bị,2985912
2024-10-17,Bảo trì thiết bị,3615243
2024-10-18,Bảo trì thiết bị,3310667
2024-10-19,Bảo trì thiết bị,3605998
2024-10-20,Bảo trì thiết bị,3602693
2024-10-21,Bảo trì thiết bị,3022832
2024-10-22,Bảo trì thiết bị,3273236
2024-10-23,Bảo trì thiết bị,3242316
2024-10-24,Bảo trì thiết bị,3383473
2024-10-25,Bảo trì thiết bị,3342599
2024-10-26,Bảo trì thiết bị,3152216
2024-10-27,Bảo trì thiết bị,3607760
2024-10-28,Bảo trì thiết bị,3143490
2024-10-29,Bảo trì thiết bị,3012927
2024-10-30,Bảo trì thiết bị,3092869
2024-10-31,Bảo trì thiết bị,3346431
2024-11-01,Bảo trì thiết bị,3175367
2024-11-02,Bảo trì thiết bị,3173001
2024-11-03,Bảo trì thiết bị,3593416
2024-11-04,Bảo trì thiết bị,3271893
2024-11-05,Bảo trì thiết bị,3307203
2024-11-06,Bảo trì thiết bị,3479662
2024-11-07,Bảo trì thiết bị,3682050
2024-11-08,Bảo trì thiết bị,3583467
2024-11-09,Bảo trì thiết bị,3618371
2024-11-10,Bảo trì thiết bị,3630521
2024-11-11,Bảo trì thiết bị,3545828
2024-11-12,Bảo trì thiết bị,3738812
2024-11-13,Bảo trì thiết bị,3630527
2024-11-14,Bảo trì thiết bị,3285750
2024-11-15,Bảo trì thiết bị,3167445
2024-11-16,Bảo trì thiết bị,3615978
2024-11-17,Bảo trì thiết bị,3597292
2024-11-18,Bảo trì thiết bị,3212291
2024-11-19,Bảo trì thiết bị,3483413
2024-11-20,Bảo trì thiết bị,3444194
2024-11-21,Bảo trì thiết bị,3477625
2024-11-22,Bảo trì thiết bị,3287111
2024-11-23,Bảo trì thiết bị,3411227
2024-11-24,Bảo trì thiết bị,3370971
2024-11-25,Bảo trì thiết bị,3191931
2024-11-26,Bảo trì thiết bị,3343823
2024-11-27,Bảo trì thiết bị,3644707
2024-11-28,Bảo trì thiết bị,3472779
2024-11-29,Bảo trì thiết bị,3182119
2024-11-30,Bảo trì thiết bị,3412199
2024-12-01,Bảo trì thiết bị,3212964
2024-12-02,Bảo trì thiết bị,3356256
2024-12-03,Bảo trì thiết bị,3183296
2024-12-04,Bảo trì thiết bị,3409092
2024-12-05,Bảo trì thiết bị,3254067
2024-12-06,Bảo trì thiết bị,3275239
2024-12-07,Bảo trì thiết bị,3096466
2024-12-08,Bảo trì thiết bị,3082608
2024-12-09,Bảo trì thiết bị,3224457
2024-12-10,Bảo trì thiết bị,3142193
2024-12-11,Bảo trì thiết bị,3452014
2024-12-12,Bảo trì thiết bị,3281782
2024-12-13,Bảo trì thiết bị,3615619
2024-12-14,Bảo trì thiết bị,3271763
2024-12-15,Bảo trì thiết bị,3374259
2024-12-16,Bảo trì thiết bị,3252249
2024-12-17,Bảo trì thiết bị,3073556
2024-12-18,Bảo trì thiết bị,2984003
2024-12-19,Bảo trì thiết bị,3477613
2024-12-20,Bảo trì thiết bị,3041761
2024-12-21,Bảo trì thiết bị,3201748
2024-12-22,Bảo trì thiết bị,2977518
2024-12-23,Bảo trì thiết bị,3282193
2024-12-24,Bảo trì thiết bị,3534864
2024-12-25,Bảo trì thiết bị,3291078
2024-12-26,Bảo trì thiết bị,3539607
2024-12-27,Bảo trì thiết bị,3538493
2024-12-28,Bảo trì thiết bị,3604606
2024-12-29,Bảo trì thiết bị,3501350
2024-12-30,Bảo trì thiết bị,3600813
2024-12-31,Bảo trì thiết bị,3186249
2025-01-01,Lương nhân viên,24509289
2025-01-02,Lương nhân viên,29027293
2025-01-03,Lương nhân viên,25948861
2025-01-04,Lương nhân viên,28733715
2025-01-05,Lương nhân viên,29078497
2025-01-06,Lương nhân viên,27870608
2025-01-07,Lương nhân viên,26870905
2025-01-08,Lương nhân viên,27120624
2025-01-09,Lương nhân viên,26477067
2025-01-10,Lương nhân viên,27192313
2025-01-11,Lương nhân viên,26377612
2025-01-12,Lương nhân viên,26923199
2025-01-13,Lương nhân viên,26856781
2025-01-14,Lương nhân viên,28228044
2025-01-15,Lương nhân viên,27228420
2025-01-16,Lương nhân viên,25802956
2025-01-17,Lương nhân viên,26720696
2025-01-18,Lương nhân viên,28876854
2025-01-19,Lương nhân viên,29698954
2025-01-20,Lương nhân viên,28479979
2025-01-21,Lương nhân viên,24663424
2025-01-22,Lương nhân viên,29820572
2025-01-23,Lương nhân viên,24631148
2025-01-24,Lương nhân viên,25605775
2025-01-25,Lương nhân viên,27087561
2025-01-26,Lương nhân viên,29504068
2025-01-27,Lương nhân viên,25965368
2025-01-28,Lương nhân viên,27012050
2025-01-29,Lương nhân viên,29773995
2025-01-30,Lương nhân viên,24637550
2025-01-31,Lương nhân viên,29134761
2025-02-01,Lương nhân viên,30497840
2025-02-02,Lương nhân viên,32807268
2025-02-03,Lương nhân viên,29689408
2025-02-04,Lương nhân viên,30170904
2025-02-05,Lương nhân viên,29185697
2025-02-06,Lương nhân viên,32333713
2025-02-07,Lương nhân viên,27659259
2025-02-08,Lương nhân viên,29643214
2025-02-09,Lương nhân viên,27295577
2025-02-10,Lương nhân viên,31217448
2025-02-11,Lương nhân viên,30434279
2025-02-12,Lương nhân viên,27690091
2025-02-13,Lương nhân viên,31330013
2025-02-14,Lương nhân viên,31570154
2025-02-15,Lương nhân viên,27335830
2025-02-16,Lương nhân viên,30169072
2025-02-17,Lương nhân viên,28661348
2025-02-18,Lương nhân viên,32915521
2025-02-19,Lương nhân viên,28160657
2025-02-20,Lương nhân viên,27804974
2025-02-21,Lương nhân viên,28891427
2025-02-22,Lương nhân viên,33018079
2025-02-23,Lương nhân viên,30156808
2025-02-24,Lương nhân viên,29985396
2025-02-25,Lương nhân viên,29363319
2025-02-26,Lương nhân viên,28776417
2025-02-27,Lương nhân viên,32915923
2025-02-28,Lương nhân viên,31170343
2025-03-01,Lương nhân viên,25829286
2025-03-02,Lương nhân viên,26319799
2025-03-03,Lương nhân viên,28273957
2025-03-04,Lương nhân viên,27443003
2025-03-05,Lương nhân viên,29208307
2025-03-06,Lương nhân viên,24442036
2025-03-07,Lương nhân viên,27199565
2025-03-08,Lương nhân viên,24762024
2025-03-09,Lương nhân viên,25791691
2025-03-10,Lương nhân viên,25413737
2025-03-11,Lương nhân viên,28012108
2025-03-12,Lương nhân viên,25109168
2025-03-13,Lương nhân viên,29635913
2025-03-14,Lương nhân viên,27918815
2025-03-15,Lương nhân viên,24528307
2025-03-16,Lương nhân viên,26002831
2025-03-17,Lương nhân viên,26921202
2025-03-18,Lương nhân viên,27155071
2025-03-19,Lương nhân viên,25844617
2025-03-20,Lương nhân viên,27648392
2025-03-21,Lương nhân viên,27660011
2025-03-22,Lương nhân viên,28057871
2025-03-23,Lương nhân viên,28287593
2025-03-24,Lương nhân viên,26594119
2025-03-25,Lương nhân viên,29585010
2025-03-26,Lương nhân viên,25257561
2025-03-27,Lương nhân viên,25427760
2025-03-28,Lương nhân viên,29189692
2025-03-29,Lương nhân viên,25178085
2025-03-30,Lương nhân viên,25849759
2025-03-31,Lương nhân viên,29684041
2025-04-01,Lương nhân viên,29597823
2025-04-02,Lương nhân viên,29884735
2025-04-03,Lương nhân viên,28938618
2025-04-04,Lương nhân viên,26164226
2025-04-05,Lương nhân viên,26379873
2025-04-06,Lương nhân viên,30810976
2025-04-07,Lương nhân viên,26713657
2025-04-08,Lương nhân viên,30434087
2025-04-09,Lương nhân viên,27994633
2025-04-10,Lương nhân viên,28420921
2025-04-11,Lương nhân viên,28214368
2025-04-12,Lương nhân viên,26260949
2025-04-13,Lương nhân viên,30180332
2025-04-14,Lương nhân viên,29239943
2025-04-15,Lương nhân viên,25932962
2025-04-16,Lương nhân viên,25526108
2025-04-17,Lương nhân viên,25590346
2025-04-18,Lương nhân viên,30221866
2025-04-19,Lương nhân viên,28816920
2025-04-20,Lương nhân viên,29717984
2025-04-21,Lương nhân viên,28268379
2025-04-22,Lương nhân viên,26205383
2025-04-23,Lương nhân viên,27686354
2025-04-24,Lương nhân viên,26280934
2025-04-25,Lương nhân viên,28934613
2025-04-26,Lương nhân viên,30841444
2025-04-27,Lương nhân viên,29508663
2025-04-28,Lương nhân viên,27799165
2025-04-29,Lương nhân viên,29004797
2025-04-30,Lương nhân viên,26307720
2025-05-01,Lương nhân viên,25114308
2025-05-02,Lương nhân viên,28630021
2025-05-03,Lương nhân viên,29618179
2025-05-04,Lương nhân viên,27440150
2025-05-05,Lương nhân viên,26548020
2025-05-06,Lương nhân viên,28390250
2025-05-07,Lương nhân viên,28051978
2025-05-08,Lương nhân viên,25610371
2025-05-09,Lương nhân viên,29759668
2025-05-10,Lương nhân viên,27606254
2025-05-11,Lương nhân viên,25542044
2025-05-12,Lương nhân viên,29360720
2025-05-13,Lương nhân viên,27783353
2025-05-14,Lương nhân viên,25715602
2025-05-15,Lương nhân viên,26765897
2025-05-16,Lương nhân viên,25728786
2025-05-17,Lương nhân viên,28909621
2025-05-18,Lương nhân viên,26812303
2025-05-19,Lương nhân viên,25611228
2025-05-20,Lương nhân viên,26491941
2025-05-21,Lương nhân viên,27283329
2025-05-22,Lương nhân viên,29526542
2025-05-23,Lương nhân viên,27457771
2025-05-24,Lương nhân viên,28896443
2025-05-25,Lương nhân viên,25086444
2025-05-26,Lương nhân viên,26678788
2025-05-27,Lương nhân viên,27363724
2025-05-28,Lương nhân viên,29028554
2025-05-29,Lương nhân viên,27947709
2025-05-30,Lương nhân viên,26137202
2025-05-31,Lương nhân viên,27465696
2025-06-01,Lương nhân viên,26385289
2025-06-02,Lương nhân viên,30738636
2025-06-03,Lương nhân viên,26109288
2025-06-04,Lương nhân viên,28076362
2025-06-05,Lương nhân viên,27149024
2025-06-06,Lương nhân viên,30573654
2025-06-07,Lương nhân viên,27366923
2025-06-08,Lương nhân viên,29652326
2025-06-09,Lương nhân viên,25552644
2025-06-10,Lương nhân viên,25905336
2025-06-11,Lương nhân viên,28147749
2025-06-12,Lương nhân viên,29067673
2025-06-13,Lương nhân viên,26914252
2025-06-14,Lương nhân viên,28298787
2025-06-15,Lương nhân viên,29316059
2025-06-16,Lương nhân viên,28892272
2025-06-17,Lương nhân viên,28000755
2025-06-18,Lương nhân viên,30375382
2025-06-19,Lương nhân viên,28969419
2025-06-20,Lương nhân viên,25511931
2025-06-21,Lương nhân viên,25871450
2025-06-22,Lương nhân viên,26772815
2025-06-23,Lương nhân viên,27238755
2025-06-24,Lương nhân viên,30597852
2025-06-25,Lương nhân viên,25603789
2025-06-26,Lương nhân viên,26041944
2025-06-27,Lương nhân viên,29444145
2025-06-28,Lương nhân viên,27750778
2025-06-29,Lương nhân viên,28670289
2025-06-30,Lương nhân viên,26287815
2025-07-01,Lương nhân viên,26985186
2025-07-02,Lương nhân viên,26744077
2025-07-03,Lương nhân viên,29407302
2025-07-04,Lương nhân viên,27754245
2025-07-05,Lương nhân viên,24719147
2025-07-06,Lương nhân viên,25969240
2025-07-07,Lương nhân viên,25064318
2025-07-08,Lương nhân viên,26848000
2025-07-09,Lương nhân viên,29532484
2025-07-10,Lương nhân viên,26816750
2025-07-11,Lương nhân viên,29433997
2025-07-12,Lương nhân viên,24669855
2025-07-13,Lương nhân viên,29610078
2025-07-14,Lương nhân viên,27163859
2025-07-15,Lương nhân viên,29283903
2025-07-16,Lương nhân viên,29751478
2025-07-17,Lương nhân viên,27265806
2025-07-18,Lương nhân viên,29566488
2025-07-19,Lương nhân viên,28008794
2025-07-20,Lương nhân viên,29242580
2025-07-21,Lương nhân viên,26339321
2025-07-22,Lương nhân viên,28644935
2025-07-23,Lương nhân viên,28343553
2025-07-24,Lương nhân viên,25065244
2025-07-25,Lương nhân viên,28301770
2025-07-26,Lương nhân viên,29399333
2025-07-27,Lương nhân viên,28653826
2025-07-28,Lương nhân viên,26376504
2025-07-29,Lương nhân viên,28333837
2025-07-30,Lương nhân viên,25668938
2025-07-31,Lương nhân viên,24971747
2025-08-01,Lương nhân viên,24824285
2025-08-02,Lương nhân viên,27178393
2025-08-03,Lương nhân viên,28673636
2025-08-04,Lương nhân viên,26270639
2025-08-05,Lương nhân viên,25172068
2025-08-06,Lương nhân viên,29719199
2025-08-07,Lương nhân viên,26088314
2025-08-08,Lương nhân viên,29712287
2025-08-09,Lương nhân viên,25667399
2025-08-10,Lương nhân viên,24843338
2025-08-11,Lương nhân viên,28274700
2025-08-12,Lương nhân viên,25252183
2025-08-13,Lương nhân viên,29795814
2025-08-14,Lương nhân viên,27202671
2025-08-15,Lương nhân viên,28657035
2025-08-16,Lương nhân viên,24614441
2025-08-17,Lương nhân viên,25772627
2025-08-18,Lương nhân viên,28909553
2025-08-19,Lương nhân viên,27035128
2025-08-20,Lương nhân viên,26845428
2025-08-21,Lương nhân viên,25039372
2025-08-22,Lương nhân viên,25977052
2025-08-23,Lương nhân viên,26696688
2025-08-24,Lương nhân viên,29265776
2025-08-25,Lương nhân viên,26131029
2025-08-26,Lương nhân viên,29792666
2025-08-27,Lương nhân viên,25356623
2025-08-28,Lương nhân viên,25430124
2025-08-29,Lương nhân viên,24684261
2025-08-30,Lương nhân viên,29143532
2025-08-31,Lương nhân viên,24973994
2025-09-01,Lương nhân viên,26101099
2025-09-02,Lương nhân viên,26892503
2025-09-03,Lương nhân viên,30742965
2025-09-04,Lương nhân viên,27696010
2025-09-05,Lương nhân viên,28250619
2025-09-06,Lương nhân viên,26147907
2025-09-07,Lương nhân viên,25338902
2025-09-08,Lương nhân viên,27739960
2025-09-09,Lương nhân viên,25665435
2025-09-10,Lương nhân viên,30167867
2025-09-11,Lương nhân viên,27957834
2025-09-12,Lương nhân viên,30160126
2025-09-13,Lương nhân viên,25257551
2025-09-14,Lương nhân viên,25582148
2025-09-15,Lương nhân viên,30126451
2025-09-16,Lương nhân viên,30775273
2025-09-17,Lương nhân viên,30413795
2025-09-18,Lương nhân viên,29546542
2025-09-19,Lương nhân viên,29426892
2025-09-20,Lương nhân viên,27626921
2025-09-21,Lương nhân viên,27418282
2025-09-22,Lương nhân viên,27420158
2025-09-23,Lương nhân viên,26096276
2025-09-24,Lương nhân viên,28862659
2025-09-25,Lương nhân viên,27014198
2025-09-26,Lương nhân viên,30080233
2025-09-27,Lương nhân viên,28021546
2025-09-28,Lương nhân viên,30263394
2025-09-29,Lương nhân viên,26193905
2025-09-30,Lương nhân viên,28858436
2025-10-01,Lương nhân viên,29482530
2025-10-02,Lương nhân viên,29757201
2025-10-03,Lương nhân viên,29272346
2025-10-04,Lương nhân viên,26013392
2025-10-05,Lương nhân viên,25273372
2025-10-06,Lương nhân viên,25960974
2025-10-07,Lương nhân viên,25392186
2025-10-08,Lương nhân viên,28629163
2025-10-09,Lương nhân viên,27573612
2025-10-10,Lương nhân viên,29609033
2025-10-11,Lương nhân viên,29180426
2025-10-12,Lương nhân viên,28811195
2025-10-13,Lương nhân viên,29517033
2025-10-14,Lương nhân viên,29375440
2025-10-15,Lương nhân viên,26311505
2025-10-16,Lương nhân viên,28581963
2025-10-17,Lương nhân viên,29052445
2025-10-18,Lương nhân viên,29103676
2025-10-19,Lương nhân viên,24601637
2025-10-20,Lương nhân viên,26783636
2025-10-21,Lương nhân viên,28225968
2025-10-22,Lương nhân viên,27773443
2025-10-23,Lương nhân viên,26427871
2025-10-24,Lương nhân viên,28561613
2025-10-25,Lương nhân viên,25389803
2025-10-26,Lương nhân viên,24719517
2025-10-27,Lương nhân viên,25344583
2025-10-28,Lương nhân viên,26270365
2025-10-29,Lương nhân viên,28051110
2025-10-30,Lương nhân viên,28489315
2025-10-31,Lương nhân viên,29770356
2025-11-01,Lương nhân viên,28588915
2025-11-02,Lương nhân viên,30626492
2025-11-03,Lương nhân viên,26835132
2025-11-04,Lương nhân viên,29220312
2025-11-05,Lương nhân viên,27375229
2025-11-06,Lương nhân viên,25545189
2025-11-07,Lương nhân viên,25355335
2025-11-08,Lương nhân viên,28812285
2025-11-09,Lương nhân viên,27314595
2025-11-10,Lương nhân viên,25436587
2025-11-11,Lương nhân viên,28603180
2025-11-12,Lương nhân viên,27831011
2025-11-13,Lương nhân viên,27019083
2025-11-14,Lương nhân viên,28374278
2025-11-15,Lương nhân viên,29589592
2025-11-16,Lương nhân viên,28755773
2025-11-17,Lương nhân viên,26685501
2025-11-18,Lương nhân viên,25305039
2025-11-19,Lương nhân viên,28557701
2025-11-20,Lương nhân viên,28935481
2025-11-21,Lương nhân viên,28219891
2025-11-22,Lương nhân viên,26568394
2025-11-23,Lương nhân viên,25529515
2025-11-24,Lương nhân viên,25890097
2025-11-25,Lương nhân viên,28368000
2025-11-26,Lương nhân viên,29959569
2025-11-27,Lương nhân viên,27216427
2025-11-28,Lương nhân viên,29887803
2025-11-29,Lương nhân viên,27000826
2025-11-30,Lương nhân viên,28556463
2025-12-01,Lương nhân viên,29430991
2025-12-02,Lương nhân viên,26879247
2025-12-03,Lương nhân viên,28395423
2025-12-04,Lương nhân viên,29041518
2025-12-05,Lương nhân viên,27770299
2025-12-06,Lương nhân viên,28471283
2025-12-07,Lương nhân viên,27814764
2025-12-08,Lương nhân viên,27160687
2025-12-09,Lương nhân viên,28846875
2025-12-10,Lương nhân viên,25051607
2025-12-11,Lương nhân viên,27391295
2025-12-12,Lương nhân viên,26991399
2025-12-13,Lương nhân viên,25552647
2025-12-14,Lương nhân viên,28786834
2025-12-15,Lương nhân viên,25532601
2025-12-16,Lương nhân viên,27012262
2025-12-17,Lương nhân viên,28616009
2025-12-18,Lương nhân viên,26992551
2025-12-19,Lương nhân viên,27260141
2025-12-20,Lương nhân viên,29639729
2025-12-21,Lương nhân viên,26555855
2025-12-22,Lương nhân viên,24854162
2025-12-23,Lương nhân viên,29060933
2025-12-24,Lương nhân viên,24597936
2025-12-25,Lương nhân viên,25495356
2025-12-26,Lương nhân viên,27147478
2025-12-27,Lương nhân viên,27449201
2025-12-28,Lương nhân viên,24918998
2025-12-29,Lương nhân viên,27102262
2025-12-30,Lương nhân viên,28302404
2025-12-31,Lương nhân viên,29833576
2025-01-01,Thuê mặt bằng,14892504
2025-01-02,Thuê mặt bằng,13681614
2025-01-03,Thuê mặt bằng,14234760
2025-01-04,Thuê mặt bằng,14787174
2025-01-05,Thuê mặt bằng,13074361
2025-01-06,Thuê mặt bằng,13303076
2025-01-07,Thuê mặt bằng,14238831
2025-01-08,Thuê mặt bằng,12921080
2025-01-09,Thuê mặt bằng,14069246
2025-01-10,Thuê mặt bằng,14498767
2025-01-11,Thuê mặt bằng,14174290
2025-01-12,Thuê mặt bằng,14005568
2025-01-13,Thuê mặt bằng,14406800
2025-01-14,Thuê mặt bằng,13715846
2025-01-15,Thuê mặt bằng,12944408
2025-01-16,Thuê mặt bằng,12279378
2025-01-17,Thuê mặt bằng,13315323
2025-01-18,Thuê mặt bằng,13755458
2025-01-19,Thuê mặt bằng,14777459
2025-01-20,Thuê mặt bằng,12654697
2025-01-21,Thuê mặt bằng,12817961
2025-01-22,Thuê mặt bằng,13981121
2025-01-23,Thuê mặt bằng,13898417
2025-01-24,Thuê mặt bằng,13338041
2025-01-25,Thuê mặt bằng,14467109
2025-01-26,Thuê mặt bằng,12861947
2025-01-27,Thuê mặt bằng,14222519
2025-01-28,Thuê mặt bằng,14660922
2025-01-29,Thuê mặt bằng,13759300
2025-01-30,Thuê mặt bằng,12474608
2025-01-31,Thuê mặt bằng,13472319
2025-02-01,Thuê mặt bằng,13571539
2025-02-02,Thuê mặt bằng,13826529
2025-02-03,Thuê mặt bằng,13549894
2025-02-04,Thuê mặt bằng,14882324
2025-02-05,Thuê mặt bằng,14075568
2025-02-06,Thuê mặt bằng,15714292
2025-02-07,Thuê mặt bằng,14825125
2025-02-08,Thuê mặt bằng,16372548
2025-02-09,Thuê mặt bằng,14350844
2025-02-10,Thuê mặt bằng,15750911
2025-02-11,Thuê mặt bằng,14754123
2025-02-12,Thuê mặt bằng,15449525
2025-02-13,Thuê mặt bằng,15813981
2025-02-14,Thuê mặt bằng,14374165
2025-02-15,Thuê mặt bằng,14548737
2025-02-16,Thuê mặt bằng,15385396
2025-02-17,Thuê mặt bằng,13979885
2025-02-18,Thuê mặt bằng,14080088
2025-02-19,Thuê mặt bằng,14755023
2025-02-20,Thuê mặt bằng,16162528
2025-02-21,Thuê mặt bằng,16081026
2025-02-22,Thuê mặt bằng,16072827
2025-02-23,Thuê mặt bằng,15978510
2025-02-24,Thuê mặt bằng,13570978
2025-02-25,Thuê mặt bằng,15064581
2025-02-26,Thuê mặt bằng,15117058
2025-02-27,Thuê mặt bằng,15514461
2025-02-28,Thuê mặt bằng,15919000
2025-03-01,Thuê mặt bằng,14544443
2025-03-02,Thuê mặt bằng,13978822
2025-03-03,Thuê mặt bằng,12736882
2025-03-04,Thuê mặt bằng,13598376
2025-03-05,Thuê mặt bằng,14294008
2025-03-06,Thuê mặt bằng,12513277
2025-03-07,Thuê mặt bằng,12477768
2025-03-08,Thuê mặt bằng,14391480
2025-03-09,Thuê mặt bằng,12949586
2025-03-10,Thuê mặt bằng,13153933
2025-03-11,Thuê mặt bằng,14762451
2025-03-12,Thuê mặt bằng,12352988
2025-03-13,Thuê mặt bằng,12628152
2025-03-14,Thuê mặt bằng,13628525
2025-03-15,Thuê mặt bằng,13503104
2025-03-16,Thuê mặt bằng,12912047
2025-03-17,Thuê mặt bằng,13659756
2025-03-18,Thuê mặt bằng,13498768
2025-03-19,Thuê mặt bằng,14139718
2025-03-20,Thuê mặt bằng,12335379
2025-03-21,Thuê mặt bằng,14836764
2025-03-22,Thuê mặt bằng,12946318
2025-03-23,Thuê mặt bằng,13967923
2025-03-24,Thuê mặt bằng,12470994
2025-03-25,Thuê mặt bằng,12873210
2025-03-26,Thuê mặt bằng,14673595
2025-03-27,Thuê mặt bằng,13054026
2025-03-28,Thuê mặt bằng,13320998
2025-03-29,Thuê mặt bằng,14437780
2025-03-30,Thuê mặt bằng,13738334
2025-03-31,Thuê mặt bằng,14526430
2025-04-01,Thuê mặt bằng,15223469
2025-04-02,Thuê mặt bằng,15202842
2025-04-03,Thuê mặt bằng,15334680
2025-04-04,Thuê mặt bằng,15058751
2025-04-05,Thuê mặt bằng,13440246
2025-04-06,Thuê mặt bằng,14167702
2025-04-07,Thuê mặt bằng,14240921
2025-04-08,Thuê mặt bằng,14790724
2025-04-09,Thuê mặt bằng,14691489
2025-04-10,Thuê mặt bằng,12996961
2025-04-11,Thuê mặt bằng,13847994
2025-04-12,Thuê mặt bằng,12690510
2025-04-13,Thuê mặt bằng,13039536
2025-04-14,Thuê mặt bằng,12794445
2025-04-15,Thuê mặt bằng,12852217
2025-04-16,Thuê mặt bằng,14440437
2025-04-17,Thuê mặt bằng,14889213
2025-04-18,Thuê mặt bằng,14861481
2025-04-19,Thuê mặt bằng,14319201
2025-04-20,Thuê mặt bằng,13590015
2025-04-21,Thuê mặt bằng,15232321
2025-04-22,Thuê mặt bằng,13573123
2025-04-23,Thuê mặt bằng,14626791
2025-04-24,Thuê mặt bằng,15401911
2025-04-25,Thuê mặt bằng,14966549
2025-04-26,Thuê mặt bằng,15406391
2025-04-27,Thuê mặt bằng,14149561
2025-04-28,Thuê mặt bằng,13849902
2025-04-29,Thuê mặt bằng,13938747
2025-04-30,Thuê mặt bằng,12975578
2025-05-01,Thuê mặt bằng,13835062
2025-05-02,Thuê mặt bằng,13583019
2025-05-03,Thuê mặt bằng,14920825
2025-05-04,Thuê mặt bằng,12694558
2025-05-05,Thuê mặt bằng,14031764
2025-05-06,Thuê mặt bằng,14062421
2025-05-07,Thuê mặt bằng,12597116
2025-05-08,Thuê mặt bằng,14078169
2025-05-09,Thuê mặt bằng,14903442
2025-05-10,Thuê mặt bằng,14563952
2025-05-11,Thuê mặt bằng,12982824
2025-05-12,Thuê mặt bằng,12932579
2025-05-13,Thuê mặt bằng,13045060
2025-05-14,Thuê mặt bằng,14821517
2025-05-15,Thuê mặt bằng,12626206
2025-05-16,Thuê mặt bằng,14847587
2025-05-17,Thuê mặt bằng,14287585
2025-05-18,Thuê mặt bằng,13188397
2025-05-19,Thuê mặt bằng,13713117
2025-05-20,Thuê mặt bằng,12768534
2025-05-21,Thuê mặt bằng,12234760
2025-05-22,Thuê mặt bằng,12767464
2025-05-23,Thuê mặt bằng,14053173
2025-05-24,Thuê mặt bằng,13854543
2025-05-25,Thuê mặt bằng,14302005
2025-05-26,Thuê mặt bằng,13927376
2025-05-27,Thuê mặt bằng,13648440
2025-05-28,Thuê mặt bằng,13633393
2025-05-29,Thuê mặt bằng,14267056
2025-05-30,Thuê mặt bằng,14454165
2025-05-31,Thuê mặt bằng,13848000
2025-06-01,Thuê mặt bằng,13389111
2025-06-02,Thuê mặt bằng,13330051
2025-06-03,Thuê mặt bằng,15157982
2025-06-04,Thuê mặt bằng,14976541
2025-06-05,Thuê mặt bằng,14373292
2025-06-06,Thuê mặt bằng,13754732
2025-06-07,Thuê mặt bằng,14107224
2025-06-08,Thuê mặt bằng,13182119
2025-06-09,Thuê mặt bằng,14125812
2025-06-10,Thuê mặt bằng,13551769
2025-06-11,Thuê mặt bằng,15243180
2025-06-12,Thuê mặt bằng,14693066
2025-06-13,Thuê mặt bằng,14178551
2025-06-14,Thuê mặt bằng,15234363
2025-06-15,Thuê mặt bằng,13664194
2025-06-16,Thuê mặt bằng,14075679
2025-06-17,Thuê mặt bằng,13591500
2025-06-18,Thuê mặt bằng,14681589
2025-06-19,Thuê mặt bằng,14843158
2025-06-20,Thuê mặt bằng,13172094
2025-06-21,Thuê mặt bằng,14757463
2025-06-22,Thuê mặt bằng,13952532
2025-06-23,Thuê mặt bằng,13990307
2025-06-24,Thuê mặt bằng,12917254
2025-06-25,Thuê mặt bằng,14712033
2025-06-26,Thuê mặt bằng,14313504
2025-06-27,Thuê mặt bằng,14996284
2025-06-28,Thuê mặt bằng,12919805
2025-06-29,Thuê mặt bằng,14910910
2025-06-30,Thuê mặt bằng,15281604
2025-07-01,Thuê mặt bằng,14903709
2025-07-02,Thuê mặt bằng,12604281
2025-07-03,Thuê mặt bằng,14819659
2025-07-04,Thuê mặt bằng,12937589
2025-07-05,Thuê mặt bằng,14779636
2025-07-06,Thuê mặt bằng,13186031
2025-07-07,Thuê mặt bằng,13378230
2025-07-08,Thuê mặt bằng,13983357
2025-07-09,Thuê mặt bằng,14115722
2025-07-10,Thuê mặt bằng,12575239
2025-07-11,Thuê mặt bằng,13212799
2025-07-12,Thuê mặt bằng,12898629
2025-07-13,Thuê mặt bằng,12851998
2025-07-14,Thuê mặt bằng,13674206
2025-07-15,Thuê mặt bằng,12696496
2025-07-16,Thuê mặt bằng,13798962
2025-07-17,Thuê mặt bằng,12862883
2025-07-18,Thuê mặt bằng,12580541
2025-07-19,Thuê mặt bằng,12665449
2025-07-20,Thuê mặt bằng,13157826
2025-07-21,Thuê mặt bằng,14294220
2025-07-22,Thuê mặt bằng,12887796
2025-07-23,Thuê mặt bằng,13162974
2025-07-24,Thuê mặt bằng,14570865
2025-07-25,Thuê mặt bằng,12718412
2025-07-26,Thuê mặt bằng,14757854
2025-07-27,Thuê mặt bằng,12328623
2025-07-28,Thuê mặt bằng,14405571
2025-07-29,Thuê mặt bằng,12232266
2025-07-30,Thuê mặt bằng,13359788
2025-07-31,Thuê mặt bằng,14400212
2025-08-01,Thuê mặt bằng,14373724
2025-08-02,Thuê mặt bằng,12246826
2025-08-03,Thuê mặt bằng,13508223
2025-08-04,Thuê mặt bằng,14467519
2025-08-05,Thuê mặt bằng,12767186
2025-08-06,Thuê mặt bằng,12743873
2025-08-07,Thuê mặt bằng,13338445
2025-08-08,Thuê mặt bằng,12734008
2025-08-09,Thuê mặt bằng,14492376
2025-08-10,Thuê mặt bằng,14355803
2025-08-11,Thuê mặt bằng,14630904
2025-08-12,Thuê mặt bằng,13449988
2025-08-13,Thuê mặt bằng,12979194
2025-08-14,Thuê mặt bằng,14041147
2025-08-15,Thuê mặt bằng,14444811
2025-08-16,Thuê mặt bằng,14608356
2025-08-17,Thuê mặt bằng,14155838
2025-08-18,Thuê mặt bằng,13325647
2025-08-19,Thuê mặt bằng,12873615
2025-08-20,Thuê mặt bằng,12879055
2025-08-21,Thuê mặt bằng,12834919
2025-08-22,Thuê mặt bằng,12221115
2025-08-23,Thuê mặt bằng,12533836
2025-08-24,Thuê mặt bằng,12470776
2025-08-25,Thuê mặt bằng,12342886
2025-08-26,Thuê mặt bằng,12417688
2025-08-27,Thuê mặt bằng,14295295
2025-08-28,Thuê mặt bằng,14129827
2025-08-29,Thuê mặt bằng,13952979
2025-08-30,Thuê mặt bằng,14102983
2025-08-31,Thuê mặt bằng,12665280
2025-09-01,Thuê mặt bằng,13346073
2025-09-02,Thuê mặt bằng,13835135
2025-09-03,Thuê mặt bằng,13660164
2025-09-04,Thuê mặt bằng,13408319
2025-09-05,Thuê mặt bằng,13175804
2025-09-06,Thuê mặt bằng,14154523
2025-09-07,Thuê mặt bằng,14612400
2025-09-08,Thuê mặt bằng,12897517
2025-09-09,Thuê mặt bằng,13800298
2025-09-10,Thuê mặt bằng,14614633
2025-09-11,Thuê mặt bằng,13459773
2025-09-12,Thuê mặt bằng,13794800
2025-09-13,Thuê mặt bằng,15337256
2025-09-14,Thuê mặt bằng,15128594
2025-09-15,Thuê mặt bằng,14001357
2025-09-16,Thuê mặt bằng,15295604
2025-09-17,Thuê mặt bằng,15031373
2025-09-18,Thuê mặt bằng,15088565
2025-09-19,Thuê mặt bằng,14978983
2025-09-20,Thuê mặt bằng,13361209
2025-09-21,Thuê mặt bằng,13590958
2025-09-22,Thuê mặt bằng,12637991
2025-09-23,Thuê mặt bằng,14456821
2025-09-24,Thuê mặt bằng,13941816
2025-09-25,Thuê mặt bằng,13392394
2025-09-26,Thuê mặt bằng,12681966
2025-09-27,Thuê mặt bằng,14960831
2025-09-28,Thuê mặt bằng,12674112
2025-09-29,Thuê mặt bằng,13991843
2025-09-30,Thuê mặt bằng,15240118
2025-10-01,Thuê mặt bằng,14917563
2025-10-02,Thuê mặt bằng,13312566
2025-10-03,Thuê mặt bằng,13479142
2025-10-04,Thuê mặt bằng,12773014
2025-10-05,Thuê mặt bằng,12561895
2025-10-06,Thuê mặt bằng,14738501
2025-10-07,Thuê mặt bằng,13748650
2025-10-08,Thuê mặt bằng,14525467
2025-10-09,Thuê mặt bằng,12488506
2025-10-10,Thuê mặt bằng,13526378
2025-10-11,Thuê mặt bằng,14443425
2025-10-12,Thuê mặt bằng,12262952
2025-10-13,Thuê mặt bằng,13393010
2025-10-14,Thuê mặt bằng,13464929
2025-10-15,Thuê mặt bằng,13340665
2025-10-16,Thuê mặt bằng,13987894
2025-10-17,Thuê mặt bằng,12332008
2025-10-18,Thuê mặt bằng,13175242
2025-10-19,Thuê mặt bằng,13684806
2025-10-20,Thuê mặt bằng,14435968
2025-10-21,Thuê mặt bằng,13376141
2025-10-22,Thuê mặt bằng,14346864
2025-10-23,Thuê mặt bằng,13982692
2025-10-24,Thuê mặt bằng,14062360
2025-10-25,Thuê mặt bằng,13143776
2025-10-26,Thuê mặt bằng,14675680
2025-10-27,Thuê mặt bằng,13668928
2025-10-28,Thuê mặt bằng,13163930
2025-10-29,Thuê mặt bằng,12296051
2025-10-30,Thuê mặt bằng,12964584
2025-10-31,Thuê mặt bằng,14102781
2025-11-01,Thuê mặt bằng,14416906
2025-11-02,Thuê mặt bằng,13620059
2025-11-03,Thuê mặt bằng,13711257
2025-11-04,Thuê mặt bằng,15362627
2025-11-05,Thuê mặt bằng,13617557
2025-11-06,Thuê mặt bằng,14866139
2025-11-07,Thuê mặt bằng,15237283
2025-11-08,Thuê mặt bằng,13943097
2025-11-09,Thuê mặt bằng,14801865
2025-11-10,Thuê mặt bằng,13879663
2025-11-11,Thuê mặt bằng,13236727
2025-11-12,Thuê mặt bằng,14638403
2025-11-13,Thuê mặt bằng,12806659
2025-11-14,Thuê mặt bằng,14468555
2025-11-15,Thuê mặt bằng,13795102
2025-11-16,Thuê mặt bằng,13470190
2025-11-17,Thuê mặt bằng,13742898
2025-11-18,Thuê mặt bằng,14812564
2025-11-19,Thuê mặt bằng,14100887
2025-11-20,Thuê mặt bằng,13983915
2025-11-21,Thuê mặt bằng,14507853
2025-11-22,Thuê mặt bằng,13902740
2025-11-23,Thuê mặt bằng,13636604
2025-11-24,Thuê mặt bằng,13325209
2025-11-25,Thuê mặt bằng,14892339
2025-11-26,Thuê mặt bằng,13952795
2025-11-27,Thuê mặt bằng,14062667
2025-11-28,Thuê mặt bằng,13365804
2025-11-29,Thuê mặt bằng,14237805
2025-11-30,Thuê mặt bằng,15355941
2025-12-01,Thuê mặt bằng,14637261
2025-12-02,Thuê mặt bằng,12488565
2025-12-03,Thuê mặt bằng,14564730
2025-12-04,Thuê mặt bằng,12608744
2025-12-05,Thuê mặt bằng,13710645
2025-12-06,Thuê mặt bằng,13465187
2025-12-07,Thuê mặt bằng,13066725
2025-12-08,Thuê mặt bằng,14709028
2025-12-09,Thuê mặt bằng,14863709
2025-12-10,Thuê mặt bằng,12954943
2025-12-11,Thuê mặt bằng,14234451
2025-12-12,Thuê mặt bằng,14189739
2025-12-13,Thuê mặt bằng,12578238
2025-12-14,Thuê mặt bằng,13629351
2025-12-15,Thuê mặt bằng,12554029
2025-12-16,Thuê mặt bằng,13898620
2025-12-17,Thuê mặt bằng,14273056
2025-12-18,Thuê mặt bằng,13986617
2025-12-19,Thuê mặt bằng,13224226
2025-12-20,Thuê mặt bằng,13063746
2025-12-21,Thuê mặt bằng,12726800
2025-12-22,Thuê mặt bằng,13356898
2025-12-23,Thuê mặt bằng,13180779
2025-12-24,Thuê mặt bằng,12645727
2025-12-25,Thuê mặt bằng,14751656
2025-12-26,Thuê mặt bằng,14518567
2025-12-27,Thuê mặt bằng,14519983
2025-12-28,Thuê mặt bằng,13579683
2025-12-29,Thuê mặt bằng,13079066
2025-12-30,Thuê mặt bằng,13786390
2025-12-31,Thuê mặt bằng,12793682
2025-01-01,Marketing,9666867
2025-01-02,Marketing,11078212
2025-01-03,Marketing,9447549
2025-01-04,Marketing,10966374
2025-01-05,Marketing,10535540
2025-01-06,Marketing,10377296
2025-01-07,Marketing,10372016
2025-01-08,Marketing,10772270
2025-01-09,Marketing,10127217
2025-01-10,Marketing,9429712
2025-01-11,Marketing,11101676
2025-01-12,Marketing,11019255
2025-01-13,Marketing,9745256
2025-01-14,Marketing,10919887
2025-01-15,Marketing,10778801
2025-01-16,Marketing,10026501
2025-01-17,Marketing,10862879
2025-01-18,Marketing,10925804
2025-01-19,Marketing,11003681
2025-01-20,Marketing,10071427
2025-01-21,Marketing,9201320
2025-01-22,Marketing,9913008
2025-01-23,Marketing,9924150
2025-01-24,Marketing,10313135
2025-01-25,Marketing,9407669
2025-01-26,Marketing,9351777
2025-01-27,Marketing,11001789
2025-01-28,Marketing,11049310
2025-01-29,Marketing,11146859
2025-01-30,Marketing,9670010
2025-01-31,Marketing,9891041
2025-02-01,Marketing,10475914
2025-02-02,Marketing,12250281
2025-02-03,Marketing,10884926
2025-02-04,Marketing,11063784
2025-02-05,Marketing,12040726
2025-02-06,Marketing,11871150
2025-02-07,Marketing,11522565
2025-02-08,Marketing,10292969
2025-02-09,Marketing,10909460
2025-02-10,Marketing,11363479
2025-02-11,Marketing,11077518
2025-02-12,Marketing,10732164
2025-02-13,Marketing,11003971
2025-02-14,Marketing,11684192
2025-02-15,Marketing,11668656
2025-02-16,Marketing,10864701
2025-02-17,Marketing,11795187
2025-02-18,Marketing,10482818
2025-02-19,Marketing,10747632
2025-02-20,Marketing,10442878
2025-02-21,Marketing,12215827
2025-02-22,Marketing,10805422
2025-02-23,Marketing,11438552
2025-02-24,Marketing,12185343
2025-02-25,Marketing,11725377
2025-02-26,Marketing,10525346
2025-02-27,Marketing,11355863
2025-02-28,Marketing,11718358
2025-03-01,Marketing,9821918
2025-03-02,Marketing,9167337
2025-03-03,Marketing,9895870
2025-03-04,Marketing,9646286
2025-03-05,Marketing,9922931
2025-03-06,Marketing,9289858
2025-03-07,Marketing,9587152
2025-03-08,Marketing,10098218
2025-03-09,Marketing,10971443
2025-03-10,Marketing,10829987
2025-03-11,Marketing,10325116
2025-03-12,Marketing,9803964
2025-03-13,Marketing,10688351
2025-03-14,Marketing,9733203
2025-03-15,Marketing,11073581
2025-03-16,Marketing,10812730
2025-03-17,Marketing,9284724
2025-03-18,Marketing,10793847
2025-03-19,Marketing,10371897
2025-03-20,Marketing,10283655
2025-03-21,Marketing,9877559
2025-03-22,Marketing,11056671
2025-03-23,Marketing,11054953
2025-03-24,Marketing,11034490
2025-03-25,Marketing,10765441
2025-03-26,Marketing,10504090
2025-03-27,Marketing,10937857
2025-03-28,Marketing,9595868
2025-03-29,Marketing,10276393
2025-03-30,Marketing,10490177
2025-03-31,Marketing,9629292
2025-04-01,Marketing,11059056
2025-04-02,Marketing,11249317
2025-04-03,Marketing,9577933
2025-04-04,Marketing,11312786
2025-04-05,Marketing,10713069
2025-04-06,Marketing,10676645
2025-04-07,Marketing,10724029
2025-04-08,Marketing,9702145
2025-04-09,Marketing,10049798
2025-04-10,Marketing,10778710
2025-04-11,Marketing,9951426
2025-04-12,Marketing,9817296
2025-04-13,Marketing,11487901
2025-04-14,Marketing,10557386
2025-04-15,Marketing,9739960
2025-04-16,Marketing,9914953
2025-04-17,Marketing,9682801
2025-04-18,Marketing,11166381
2025-04-19,Marketing,9908612
2025-04-20,Marketing,10511278
2025-04-21,Marketing,10855894
2025-04-22,Marketing,10584436
2025-04-23,Marketing,9752321
2025-04-24,Marketing,10552471
2025-04-25,Marketing,10918910
2025-04-26,Marketing,9690960
2025-04-27,Marketing,9969559
2025-04-28,Marketing,9743635
2025-04-29,Marketing,10303289
2025-04-30,Marketing,9873954
2025-05-01,Marketing,10910210
2025-05-02,Marketing,9300337
2025-05-03,Marketing,10974166
2025-05-04,Marketing,9658159
2025-05-05,Marketing,10413626
2025-05-06,Marketing,9463948
2025-05-07,Marketing,10608323
2025-05-08,Marketing,10352440
2025-05-09,Marketing,9502321
2025-05-10,Marketing,9199064
2025-05-11,Marketing,9824404
2025-05-12,Marketing,10585881
2025-05-13,Marketing,9606061
2025-05-14,Marketing,9999693
2025-05-15,Marketing,9795460
2025-05-16,Marketing,10185483
2025-05-17,Marketing,9337659
2025-05-18,Marketing,10013374
2025-05-19,Marketing,9501329
2025-05-20,Marketing,9612297
2025-05-21,Marketing,10523981
2025-05-22,Marketing,9164787
2025-05-23,Marketing,10931107
2025-05-24,Marketing,10131015
2025-05-25,Marketing,9687004
2025-05-26,Marketing,9781841
2025-05-27,Marketing,9795615
2025-05-28,Marketing,10508563
2025-05-29,Marketing,9190395
2025-05-30,Marketing,9582179
2025-05-31,Marketing,10933918
2025-06-01,Marketing,10404600
2025-06-02,Marketing,11165123
2025-06-03,Marketing,10548428
2025-06-04,Marketing,10982364
2025-06-05,Marketing,11345737
2025-06-06,Marketing,10855106
2025-06-07,Marketing,11224541
2025-06-08,Marketing,10603199
2025-06-09,Marketing,9670673
2025-06-10,Marketing,11328137
2025-06-11,Marketing,10341310
2025-06-12,Marketing,11541004
2025-06-13,Marketing,11477693
2025-06-14,Marketing,10324126
2025-06-15,Marketing,9676455
2025-06-16,Marketing,11089175
2025-06-17,Marketing,10166877
2025-06-18,Marketing,11526633
2025-06-19,Marketing,9483362
2025-06-20,Marketing,11097543
2025-06-21,Marketing,10546736
2025-06-22,Marketing,11272326
2025-06-23,Marketing,10154708
2025-06-24,Marketing,10028732
2025-06-25,Marketing,9491987
2025-06-26,Marketing,11384569
2025-06-27,Marketing,11547416
2025-06-28,Marketing,11359294
2025-06-29,Marketing,9779096
2025-06-30,Marketing,10063670
2025-07-01,Marketing,11097609
2025-07-02,Marketing,9544951
2025-07-03,Marketing,10943367
2025-07-04,Marketing,9302181
2025-07-05,Marketing,10812405
2025-07-06,Marketing,10916267
2025-07-07,Marketing,9498844
2025-07-08,Marketing,10960660
2025-07-09,Marketing,11195815
2025-07-10,Marketing,11057202
2025-07-11,Marketing,9345410
2025-07-12,Marketing,10945906
2025-07-13,Marketing,9808538
2025-07-14,Marketing,9261516
2025-07-15,Marketing,9500270
2025-07-16,Marketing,10436569
2025-07-17,Marketing,10401012
2025-07-18,Marketing,10994312
2025-07-19,Marketing,9955520
2025-07-20,Marketing,10359336
2025-07-21,Marketing,10067729
2025-07-22,Marketing,9466866
2025-07-23,Marketing,10919547
2025-07-24,Marketing,10818589
2025-07-25,Marketing,9193202
2025-07-26,Marketing,10919471
2025-07-27,Marketing,10758474
2025-07-28,Marketing,10618097
2025-07-29,Marketing,10827432
2025-07-30,Marketing,10346666
2025-07-31,Marketing,9330808
2025-08-01,Marketing,10818893
2025-08-02,Marketing,10373455
2025-08-03,Marketing,10630643
2025-08-04,Marketing,10336201
2025-08-05,Marketing,11148625
2025-08-06,Marketing,9351154
2025-08-07,Marketing,10167528
2025-08-08,Marketing,10585312
2025-08-09,Marketing,10519920
2025-08-10,Marketing,10823568
2025-08-11,Marketing,9627636
2025-08-12,Marketing,9332676
2025-08-13,Marketing,10146687
2025-08-14,Marketing,11189700
2025-08-15,Marketing,11158670
2025-08-16,Marketing,9420505
2025-08-17,Marketing,9462122
2025-08-18,Marketing,10032088
2025-08-19,Marketing,10036384
2025-08-20,Marketing,9841874
2025-08-21,Marketing,10169932
2025-08-22,Marketing,11025743
2025-08-23,Marketing,10063922
2025-08-24,Marketing,10725217
2025-08-25,Marketing,10755474
2025-08-26,Marketing,9524232
2025-08-27,Marketing,10500962
2025-08-28,Marketing,10422007
2025-08-29,Marketing,9944458
2025-08-30,Marketing,9291377
2025-08-31,Marketing,9641970
2025-09-01,Marketing,10589625
2025-09-02,Marketing,10010405
2025-09-03,Marketing,10909645
2025-09-04,Marketing,10903543
2025-09-05,Marketing,9994139
2025-09-06,Marketing,9707019
2025-09-07,Marketing,11362880
2025-09-08,Marketing,10925203
2025-09-09,Marketing,10223111
2025-09-10,Marketing,9782857
2025-09-11,Marketing,10983431
2025-09-12,Marketing,11128969
2025-09-13,Marketing,10549452
2025-09-14,Marketing,9643816
2025-09-15,Marketing,10273152
2025-09-16,Marketing,11424084
2025-09-17,Marketing,9958492
2025-09-18,Marketing,11066741
2025-09-19,Marketing,9493824
2025-09-20,Marketing,10311999
2025-09-21,Marketing,11467586
2025-09-22,Marketing,9922517
2025-09-23,Marketing,10330478
2025-09-24,Marketing,10012369
2025-09-25,Marketing,9975336
2025-09-26,Marketing,11210025
2025-09-27,Marketing,10089741
2025-09-28,Marketing,10037588
2025-09-29,Marketing,10345364
2025-09-30,Marketing,10105834
2025-10-01,Marketing,9530987
2025-10-02,Marketing,9697429
2025-10-03,Marketing,10458517
2025-10-04,Marketing,10182484
2025-10-05,Marketing,10353527
2025-10-06,Marketing,9875981
2025-10-07,Marketing,9425962
2025-10-08,Marketing,10323718
2025-10-09,Marketing,10731097
2025-10-10,Marketing,9632791
2025-10-11,Marketing,10231479
2025-10-12,Marketing,10945866
2025-10-13,Marketing,9988616
2025-10-14,Marketing,10995347
2025-10-15,Marketing,9898682
2025-10-16,Marketing,9475502
2025-10-17,Marketing,10555588
2025-10-18,Marketing,11119248
2025-10-19,Marketing,10607992
2025-10-20,Marketing,9354962
2025-10-21,Marketing,10913509
2025-10-22,Marketing,10824404
2025-10-23,Marketing,10939542
2025-10-24,Marketing,10938525
2025-10-25,Marketing,9370208
2025-10-26,Marketing,10290100
2025-10-27,Marketing,9529279
2025-10-28,Marketing,10157156
2025-10-29,Marketing,9919134
2025-10-30,Marketing,11080378
2025-10-31,Marketing,9563644
2025-11-01,Marketing,10779175
2025-11-02,Marketing,10092109
2025-11-03,Marketing,9521928
2025-11-04,Marketing,10845731
2025-11-05,Marketing,11071666
2025-11-06,Marketing,10942267
2025-11-07,Marketing,10800158
2025-11-08,Marketing,11229398
2025-11-09,Marketing,11156636
2025-11-10,Marketing,11479076
2025-11-11,Marketing,11029775
2025-11-12,Marketing,10802407
2025-11-13,Marketing,11501966
2025-11-14,Marketing,9861906
2025-11-15,Marketing,10868534
2025-11-16,Marketing,10711596
2025-11-17,Marketing,11202845
2025-11-18,Marketing,11440174
2025-11-19,Marketing,9732494
2025-11-20,Marketing,10627782
2025-11-21,Marketing,9531119
2025-11-22,Marketing,10440216
2025-11-23,Marketing,11310408
2025-11-24,Marketing,9633235
2025-11-25,Marketing,11353372
2025-11-26,Marketing,10499673
2025-11-27,Marketing,11338178
2025-11-28,Marketing,10893692
2025-11-29,Marketing,10044498
2025-11-30,Marketing,11543363
2025-12-01,Marketing,10632631
2025-12-02,Marketing,10083432
2025-12-03,Marketing,11080737
2025-12-04,Marketing,9791954
2025-12-05,Marketing,10096816
2025-12-06,Marketing,9341978
2025-12-07,Marketing,10086989
2025-12-08,Marketing,9688352
2025-12-09,Marketing,10978931
2025-12-10,Marketing,10848490
2025-12-11,Marketing,9500104
2025-12-12,Marketing,9938449
2025-12-13,Marketing,9697496
2025-12-14,Marketing,10671295
2025-12-15,Marketing,9278591
2025-12-16,Marketing,9883594
2025-12-17,Marketing,11174483
2025-12-18,Marketing,10030592
2025-12-19,Marketing,10257952
2025-12-20,Marketing,9621609
2025-12-21,Marketing,9823500
2025-12-22,Marketing,10348948
2025-12-23,Marketing,9263666
2025-12-24,Marketing,10974479
2025-12-25,Marketing,9488700
2025-12-26,Marketing,9293013
2025-12-27,Marketing,11158174
2025-12-28,Marketing,10233374
2025-12-29,Marketing,11087890
2025-12-30,Marketing,11121658
2025-12-31,Marketing,10932174
2025-01-01,Logistics,6868393
2025-01-02,Logistics,6322161
2025-01-03,Logistics,6671870
2025-01-04,Logistics,7009795
2025-01-05,Logistics,7263557
2025-01-06,Logistics,7071723
2025-01-07,Logistics,6148032
2025-01-08,Logistics,6465071
2025-01-09,Logistics,6486801
2025-01-10,Logistics,7256868
2025-01-11,Logistics,6488894
2025-01-12,Logistics,7251466
2025-01-13,Logistics,7134225
2025-01-14,Logistics,6148164
2025-01-15,Logistics,6723014
2025-01-16,Logistics,7340982
2025-01-17,Logistics,6937415
2025-01-18,Logistics,6969483
2025-01-19,Logistics,7055566
2025-01-20,Logistics,7036030
2025-01-21,Logistics,7426828
2025-01-22,Logistics,6810299
2025-01-23,Logistics,6232938
2025-01-24,Logistics,6577103
2025-01-25,Logistics,6648003
2025-01-26,Logistics,6592709
2025-01-27,Logistics,7233954
2025-01-28,Logistics,6602209
2025-01-29,Logistics,7399172
2025-01-30,Logistics,6380823
2025-01-31,Logistics,6763723
2025-02-01,Logistics,8136111
2025-02-02,Logistics,6846122
2025-02-03,Logistics,6937328
2025-02-04,Logistics,8017742
2025-02-05,Logistics,6781029
2025-02-06,Logistics,7882262
2025-02-07,Logistics,8050411
2025-02-08,Logistics,7926663
2025-02-09,Logistics,8169879
2025-02-10,Logistics,7720193
2025-02-11,Logistics,7561286
2025-02-12,Logistics,7404112
2025-02-13,Logistics,6885547
2025-02-14,Logistics,8167665
2025-02-15,Logistics,8143334
2025-02-16,Logistics,7471860
2025-02-17,Logistics,6769268
2025-02-18,Logistics,6888604
2025-02-19,Logistics,7102429
2025-02-20,Logistics,7655249
2025-02-21,Logistics,7426536
2025-02-22,Logistics,7265840
2025-02-23,Logistics,7594325
2025-02-24,Logistics,6906446
2025-02-25,Logistics,6809132
2025-02-26,Logistics,7741606
2025-02-27,Logistics,7536805
2025-02-28,Logistics,7474351
2025-03-01,Logistics,6242273
2025-03-02,Logistics,7428621
2025-03-03,Logistics,7232754
2025-03-04,Logistics,6141479
2025-03-05,Logistics,6217516
2025-03-06,Logistics,6149061
2025-03-07,Logistics,7032766
2025-03-08,Logistics,6342862
2025-03-09,Logistics,6943634
2025-03-10,Logistics,7083806
2025-03-11,Logistics,6869509
2025-03-12,Logistics,6201931
2025-03-13,Logistics,7071978
2025-03-14,Logistics,6900849
2025-03-15,Logistics,6610414
2025-03-16,Logistics,6848670
2025-03-17,Logistics,7079877
2025-03-18,Logistics,7059460
2025-03-19,Logistics,6232370
2025-03-20,Logistics,6369989
2025-03-21,Logistics,6304285
2025-03-22,Logistics,6145327
2025-03-23,Logistics,6252406
2025-03-24,Logistics,7279296
2025-03-25,Logistics,6830680
2025-03-26,Logistics,6466505
2025-03-27,Logistics,6365649
2025-03-28,Logistics,7046659
2025-03-29,Logistics,7406930
2025-03-30,Logistics,6441402
2025-03-31,Logistics,6980120
2025-04-01,Logistics,6612505
2025-04-02,Logistics,6866624
2025-04-03,Logistics,6893105
2025-04-04,Logistics,6718663
2025-04-05,Logistics,7661577
2025-04-06,Logistics,7672625
2025-04-07,Logistics,7322937
2025-04-08,Logistics,7283590
2025-04-09,Logistics,7050656
2025-04-10,Logistics,7012035
2025-04-11,Logistics,6542845
2025-04-12,Logistics,7548468
2025-04-13,Logistics,7478636
2025-04-14,Logistics,7166451
2025-04-15,Logistics,7358530
2025-04-16,Logistics,7253560
2025-04-17,Logistics,6854257
2025-04-18,Logistics,7515977
2025-04-19,Logistics,7460478
2025-04-20,Logistics,6872147
2025-04-21,Logistics,7431328
2025-04-22,Logistics,6532010
2025-04-23,Logistics,7545148
2025-04-24,Logistics,6877226
2025-04-25,Logistics,6516974
2025-04-26,Logistics,7262313
2025-04-27,Logistics,7460496
2025-04-28,Logistics,6354922
2025-04-29,Logistics,6923187
2025-04-30,Logistics,7544515
2025-05-01,Logistics,6668301
2025-05-02,Logistics,7249855
2025-05-03,Logistics,6950826
2025-05-04,Logistics,6581136
2025-05-05,Logistics,7155892
2025-05-06,Logistics,7222321
2025-05-07,Logistics,6467807
2025-05-08,Logistics,6526333
2025-05-09,Logistics,7260554
2025-05-10,Logistics,6825129
2025-05-11,Logistics,7055380
2025-05-12,Logistics,6553482
2025-05-13,Logistics,6245103
2025-05-14,Logistics,6350137
2025-05-15,Logistics,7119939
2025-05-16,Logistics,7048758
2025-05-17,Logistics,6595711
2025-05-18,Logistics,6797745
2025-05-19,Logistics,6150937
2025-05-20,Logistics,6217586
2025-05-21,Logistics,7326455
2025-05-22,Logistics,7213685
2025-05-23,Logistics,6355439
2025-05-24,Logistics,7153956
2025-05-25,Logistics,6533834
2025-05-26,Logistics,6723955
2025-05-27,Logistics,7337723
2025-05-28,Logistics,7330670
2025-05-29,Logistics,7170985
2025-05-30,Logistics,7187978
2025-05-31,Logistics,7132029
2025-06-01,Logistics,7076791
2025-06-02,Logistics,6428755
2025-06-03,Logistics,6337398
2025-06-04,Logistics,7135219
2025-06-05,Logistics,6977808
2025-06-06,Logistics,6700283
2025-06-07,Logistics,7198824
2025-06-08,Logistics,6746086
2025-06-09,Logistics,6763746
2025-06-10,Logistics,6475317
2025-06-11,Logistics,7060365
2025-06-12,Logistics,7171847
2025-06-13,Logistics,6527246
2025-06-14,Logistics,6719537
2025-06-15,Logistics,6863713
2025-06-16,Logistics,6735180
2025-06-17,Logistics,7581161
2025-06-18,Logistics,7178024
2025-06-19,Logistics,7129550
2025-06-20,Logistics,6524883
2025-06-21,Logistics,6770064
2025-06-22,Logistics,6928079
2025-06-23,Logistics,7181195
2025-06-24,Logistics,7694590
2025-06-25,Logistics,6963601
2025-06-26,Logistics,6581597
2025-06-27,Logistics,7607182
2025-06-28,Logistics,6957965
2025-06-29,Logistics,7046514
2025-06-30,Logistics,6422300
2025-07-01,Logistics,7403062
2025-07-02,Logistics,6405390
2025-07-03,Logistics,7164000
2025-07-04,Logistics,6955887
2025-07-05,Logistics,6868500
2025-07-06,Logistics,6275592
2025-07-07,Logistics,6226466
2025-07-08,Logistics,6229553
2025-07-09,Logistics,6825789
2025-07-10,Logistics,6517038
2025-07-11,Logistics,6603992
2025-07-12,Logistics,6869203
2025-07-13,Logistics,7270815
2025-07-14,Logistics,6235538
2025-07-15,Logistics,6164266
2025-07-16,Logistics,6385798
2025-07-17,Logistics,6416086
2025-07-18,Logistics,6647263
2025-07-19,Logistics,6378863
2025-07-20,Logistics,7304107
2025-07-21,Logistics,6476440
2025-07-22,Logistics,6699015
2025-07-23,Logistics,6502721
2025-07-24,Logistics,6870550
2025-07-25,Logistics,6791620
2025-07-26,Logistics,7080122
2025-07-27,Logistics,6831584
2025-07-28,Logistics,6770054
2025-07-29,Logistics,6975422
2025-07-30,Logistics,7016671
2025-07-31,Logistics,6617599
2025-08-01,Logistics,7292522
2025-08-02,Logistics,7199161
2025-08-03,Logistics,6695336
2025-08-04,Logistics,6272667
2025-08-05,Logistics,6935501
2025-08-06,Logistics,6728056
2025-08-07,Logistics,6462168
2025-08-08,Logistics,6979367
2025-08-09,Logistics,7442487
2025-08-10,Logistics,6811696
2025-08-11,Logistics,6547967
2025-08-12,Logistics,6942650
2025-08-13,Logistics,7046745
2025-08-14,Logistics,6699892
2025-08-15,Logistics,6151568
2025-08-16,Logistics,6145492
2025-08-17,Logistics,7203600
2025-08-18,Logistics,6458980
2025-08-19,Logistics,6624173
2025-08-20,Logistics,6996614
2025-08-21,Logistics,6252495
2025-08-22,Logistics,7333648
2025-08-23,Logistics,7127471
2025-08-24,Logistics,7337933
2025-08-25,Logistics,6973649
2025-08-26,Logistics,7303732
2025-08-27,Logistics,6192370
2025-08-28,Logistics,6413197
2025-08-29,Logistics,7285672
2025-08-30,Logistics,6413179
2025-08-31,Logistics,6447086
2025-09-01,Logistics,7011633
2025-09-02,Logistics,6536672
2025-09-03,Logistics,6474740
2025-09-04,Logistics,6509342
2025-09-05,Logistics,7537895
2025-09-06,Logistics,7084148
2025-09-07,Logistics,7600488
2025-09-08,Logistics,6452820
2025-09-09,Logistics,7672383
2025-09-10,Logistics,7270722
2025-09-11,Logistics,6349764
2025-09-12,Logistics,6612491
2025-09-13,Logistics,6930253
2025-09-14,Logistics,6697713
2025-09-15,Logistics,6796401
2025-09-16,Logistics,7126654
2025-09-17,Logistics,7161638
2025-09-18,Logistics,7489966
2025-09-19,Logistics,6506953
2025-09-20,Logistics,7044367
2025-09-21,Logistics,6456800
2025-09-22,Logistics,6408884
2025-09-23,Logistics,6901925
2025-09-24,Logistics,6649461
2025-09-25,Logistics,6692324
2025-09-26,Logistics,6584026
2025-09-27,Logistics,7672434
2025-09-28,Logistics,6407492
2025-09-29,Logistics,6523597
2025-09-30,Logistics,7604485
2025-10-01,Logistics,6797914
2025-10-02,Logistics,6558137
2025-10-03,Logistics,6108498
2025-10-04,Logistics,6447151
2025-10-05,Logistics,7052249
2025-10-06,Logistics,6367724
2025-10-07,Logistics,7156587
2025-10-08,Logistics,6155084
2025-10-09,Logistics,6348987
2025-10-10,Logistics,7131976
2025-10-11,Logistics,6707341
2025-10-12,Logistics,6606096
2025-10-13,Logistics,6592467
2025-10-14,Logistics,6908205
2025-10-15,Logistics,6682568
2025-10-16,Logistics,7190548
2025-10-17,Logistics,6849115
2025-10-18,Logistics,6734843
2025-10-19,Logistics,7241148
2025-10-20,Logistics,7413373
2025-10-21,Logistics,6932162
2025-10-22,Logistics,6202266
2025-10-23,Logistics,7006339
2025-10-24,Logistics,6406037
2025-10-25,Logistics,6864635
2025-10-26,Logistics,6858880
2025-10-27,Logistics,6533336
2025-10-28,Logistics,7110072
2025-10-29,Logistics,6392713
2025-10-30,Logistics,6555226
2025-10-31,Logistics,6682147
2025-11-01,Logistics,7621312
2025-11-02,Logistics,7369608
2025-11-03,Logistics,6455660
2025-11-04,Logistics,6563710
2025-11-05,Logistics,6633652
2025-11-06,Logistics,6715485
2025-11-07,Logistics,7489327
2025-11-08,Logistics,6697259
2025-11-09,Logistics,7296045
2025-11-10,Logistics,7018461
2025-11-11,Logistics,7118739
2025-11-12,Logistics,7093690
2025-11-13,Logistics,7365745
2025-11-14,Logistics,7164887
2025-11-15,Logistics,6982825
2025-11-16,Logistics,7533955
2025-11-17,Logistics,7412910
2025-11-18,Logistics,6615989
2025-11-19,Logistics,6379094
2025-11-20,Logistics,7102534
2025-11-21,Logistics,7115695
2025-11-22,Logistics,7248362
2025-11-23,Logistics,7663077
2025-11-24,Logistics,7209850
2025-11-25,Logistics,7512385
2025-11-26,Logistics,7654955
2025-11-27,Logistics,6410723
2025-11-28,Logistics,6347991
2025-11-29,Logistics,6342436
2025-11-30,Logistics,6893665
2025-12-01,Logistics,7433945
2025-12-02,Logistics,6259105
2025-12-03,Logistics,6222822
2025-12-04,Logistics,7060638
2025-12-05,Logistics,6133131
2025-12-06,Logistics,6548806
2025-12-07,Logistics,7448079
2025-12-08,Logistics,6167794
2025-12-09,Logistics,6507472
2025-12-10,Logistics,7171779
2025-12-11,Logistics,7428555
2025-12-12,Logistics,7169004
2025-12-13,Logistics,7307585
2025-12-14,Logistics,7287493
2025-12-15,Logistics,7195083
2025-12-16,Logistics,7392174
2025-12-17,Logistics,6484140
2025-12-18,Logistics,7386785
2025-12-19,Logistics,6929923
2025-12-20,Logistics,6497394
2025-12-21,Logistics,7331437
2025-12-22,Logistics,6943046
2025-12-23,Logistics,7283269
2025-12-24,Logistics,7017971
2025-12-25,Logistics,6336090
2025-12-26,Logistics,6668389
2025-12-27,Logistics,6395772
2025-12-28,Logistics,6235880
2025-12-29,Logistics,7249087
2025-12-30,Logistics,7124225
2025-12-31,Logistics,7445623
2025-01-01,Điện nước,3451719
2025-01-02,Điện nước,3129965
2025-01-03,Điện nước,3403222
2025-01-04,Điện nước,3190547
2025-01-05,Điện nước,3612721
2025-01-06,Điện nước,3682406
2025-01-07,Điện nước,3598049
2025-01-08,Điện nước,3377189
2025-01-09,Điện nước,3472756
2025-01-10,Điện nước,3597730
2025-01-11,Điện nước,3644713
2025-01-12,Điện nước,3458283
2025-01-13,Điện nước,3181410
2025-01-14,Điện nước,3496760
2025-01-15,Điện nước,3379157
2025-01-16,Điện nước,3183447
2025-01-17,Điện nước,3518031
2025-01-18,Điện nước,3488497
2025-01-19,Điện nước,3503546
2025-01-20,Điện nước,3393581
2025-01-21,Điện nước,3191430
2025-01-22,Điện nước,3624636
2025-01-23,Điện nước,3350861
2025-01-24,Điện nước,3542873
2025-01-25,Điện nước,3638941
2025-01-26,Điện nước,3118986
2025-01-27,Điện nước,3278269
2025-01-28,Điện nước,3286145
2025-01-29,Điện nước,3718493
2025-01-30,Điện nước,3580192
2025-01-31,Điện nước,3476260
2025-02-01,Điện nước,3526445
2025-02-02,Điện nước,3985716
2025-02-03,Điện nước,3788639
2025-02-04,Điện nước,3996697
2025-02-05,Điện nước,3621725
2025-02-06,Điện nước,3598423
2025-02-07,Điện nước,3923256
2025-02-08,Điện nước,3948234
2025-02-09,Điện nước,3976566
2025-02-10,Điện nước,3878999
2025-02-11,Điện nước,3850313
2025-02-12,Điện nước,3727047
2025-02-13,Điện nước,3473144
2025-02-14,Điện nước,3987389
2025-02-15,Điện nước,3408668
2025-02-16,Điện nước,4015124
2025-02-17,Điện nước,3756483
2025-02-18,Điện nước,3856230
2025-02-19,Điện nước,3732389
2025-02-20,Điện nước,4055057
2025-02-21,Điện nước,3784539
2025-02-22,Điện nước,3801106
2025-02-23,Điện nước,4128458
2025-02-24,Điện nước,3424170
2025-02-25,Điện nước,4073172
2025-02-26,Điện nước,3685454
2025-02-27,Điện nước,3482475
2025-02-28,Điện nước,3831752
2025-03-01,Điện nước,3152814
2025-03-02,Điện nước,3151103
2025-03-03,Điện nước,3644084
2025-03-04,Điện nước,3077002
2025-03-05,Điện nước,3270989
2025-03-06,Điện nước,3306517
2025-03-07,Điện nước,3455632
2025-03-08,Điện nước,3166521
2025-03-09,Điện nước,3451813
2025-03-10,Điện nước,3228869
2025-03-11,Điện nước,3265811
2025-03-12,Điện nước,3387488
2025-03-13,Điện nước,3099477
2025-03-14,Điện nước,3271727
2025-03-15,Điện nước,3390111
2025-03-16,Điện nước,3594762
2025-03-17,Điện nước,3377117
2025-03-18,Điện nước,3601981
2025-03-19,Điện nước,3693555
2025-03-20,Điện nước,3684755
2025-03-21,Điện nước,3160648
2025-03-22,Điện nước,3066850
2025-03-23,Điện nước,3600410
2025-03-24,Điện nước,3304895
2025-03-25,Điện nước,3721423
2025-03-26,Điện nước,3644318
2025-03-27,Điện nước,3344876
2025-03-28,Điện nước,3439259
2025-03-29,Điện nước,3073078
2025-03-30,Điện nước,3325291
2025-03-31,Điện nước,3718162
2025-04-01,Điện nước,3789762
2025-04-02,Điện nước,3733868
2025-04-03,Điện nước,3627671
2025-04-04,Điện nước,3546026
2025-04-05,Điện nước,3537091
2025-04-06,Điện nước,3762447
2025-04-07,Điện nước,3689389
2025-04-08,Điện nước,3515260
2025-04-09,Điện nước,3606140
2025-04-10,Điện nước,3397518
2025-04-11,Điện nước,3559097
2025-04-12,Điện nước,3463818
2025-04-13,Điện nước,3369491
2025-04-14,Điện nước,3532597
2025-04-15,Điện nước,3445593
2025-04-16,Điện nước,3586989
2025-04-17,Điện nước,3256917
2025-04-18,Điện nước,3856445
2025-04-19,Điện nước,3380725
2025-04-20,Điện nước,3581097
2025-04-21,Điện nước,3163857
2025-04-22,Điện nước,3345835
2025-04-23,Điện nước,3659375
2025-04-24,Điện nước,3298483
2025-04-25,Điện nước,3434443
2025-04-26,Điện nước,3314624
2025-04-27,Điện nước,3593348
2025-04-28,Điện nước,3389373
2025-04-29,Điện nước,3841029
2025-04-30,Điện nước,3764035
2025-05-01,Điện nước,3165898
2025-05-02,Điện nước,3688633
2025-05-03,Điện nước,3092201
2025-05-04,Điện nước,3174495
2025-05-05,Điện nước,3521891
2025-05-06,Điện nước,3289379
2025-05-07,Điện nước,3362395
2025-05-08,Điện nước,3720937
2025-05-09,Điện nước,3127624
2025-05-10,Điện nước,3370120
2025-05-11,Điện nước,3096855
2025-05-12,Điện nước,3398265
2025-05-13,Điện nước,3544570
2025-05-14,Điện nước,3211802
2025-05-15,Điện nước,3176240
2025-05-16,Điện nước,3590535
2025-05-17,Điện nước,3513276
2025-05-18,Điện nước,3571556
2025-05-19,Điện nước,3316482
2025-05-20,Điện nước,3304752
2025-05-21,Điện nước,3066942
2025-05-22,Điện nước,3366812
2025-05-23,Điện nước,3375188
2025-05-24,Điện nước,3334619
2025-05-25,Điện nước,3704071
2025-05-26,Điện nước,3252891
2025-05-27,Điện nước,3403095
2025-05-28,Điện nước,3175648
2025-05-29,Điện nước,3514953
2025-05-30,Điện nước,3599140
2025-05-31,Điện nước,3259492
2025-06-01,Điện nước,3779463
2025-06-02,Điện nước,3350428
2025-06-03,Điện nước,3440868
2025-06-04,Điện nước,3189722
2025-06-05,Điện nước,3641215
2025-06-06,Điện nước,3521052
2025-06-07,Điện nước,3174421
2025-06-08,Điện nước,3433431
2025-06-09,Điện nước,3819036
2025-06-10,Điện nước,3584254
2025-06-11,Điện nước,3433890
2025-06-12,Điện nước,3240266
2025-06-13,Điện nước,3378085
2025-06-14,Điện nước,3184452
2025-06-15,Điện nước,3168776
2025-06-16,Điện nước,3697596
2025-06-17,Điện nước,3290261
2025-06-18,Điện nước,3320546
2025-06-19,Điện nước,3813301
2025-06-20,Điện nước,3687569
2025-06-21,Điện nước,3818900
2025-06-22,Điện nước,3681447
2025-06-23,Điện nước,3807887
2025-06-24,Điện nước,3686325
2025-06-25,Điện nước,3640054
2025-06-26,Điện nước,3356076
2025-06-27,Điện nước,3829301
2025-06-28,Điện nước,3472777
2025-06-29,Điện nước,3526585
2025-06-30,Điện nước,3609237
2025-07-01,Điện nước,3421687
2025-07-02,Điện nước,3487129
2025-07-03,Điện nước,3354135
2025-07-04,Điện nước,3285120
2025-07-05,Điện nước,3133679
2025-07-06,Điện nước,3186131
2025-07-07,Điện nước,3113126
2025-07-08,Điện nước,3621441
2025-07-09,Điện nước,3592457
2025-07-10,Điện nước,3108936
2025-07-11,Điện nước,3063665
2025-07-12,Điện nước,3378129
2025-07-13,Điện nước,3461870
2025-07-14,Điện nước,3427913
2025-07-15,Điện nước,3666390
2025-07-16,Điện nước,3253738
2025-07-17,Điện nước,3648674
2025-07-18,Điện nước,3190313
2025-07-19,Điện nước,3380642
2025-07-20,Điện nước,3562006
2025-07-21,Điện nước,3418953
2025-07-22,Điện nước,3377243
2025-07-23,Điện nước,3230068
2025-07-24,Điện nước,3716687
2025-07-25,Điện nước,3395054
2025-07-26,Điện nước,3638896
2025-07-27,Điện nước,3070528
2025-07-28,Điện nước,3603371
2025-07-29,Điện nước,3487050
2025-07-30,Điện nước,3125814
2025-07-31,Điện nước,3613624
2025-08-01,Điện nước,3693980
2025-08-02,Điện nước,3268874
2025-08-03,Điện nước,3368509
2025-08-04,Điện nước,3573701
2025-08-05,Điện nước,3646591
2025-08-06,Điện nước,3164380
2025-08-07,Điện nước,3689551
2025-08-08,Điện nước,3610667
2025-08-09,Điện nước,3240571
2025-08-10,Điện nước,3064778
2025-08-11,Điện nước,3471747
2025-08-12,Điện nước,3661378
2025-08-13,Điện nước,3252464
2025-08-14,Điện nước,3502185
2025-08-15,Điện nước,3375698
2025-08-16,Điện nước,3237917
2025-08-17,Điện nước,3299172
2025-08-18,Điện nước,3486296
2025-08-19,Điện nước,3563606
2025-08-20,Điện nước,3635947
2025-08-21,Điện nước,3125371
2025-08-22,Điện nước,3548258
2025-08-23,Điện nước,3370391
2025-08-24,Điện nước,3597602
2025-08-25,Điện nước,3731687
2025-08-26,Điện nước,3452108
2025-08-27,Điện nước,3361225
2025-08-28,Điện nước,3663941
2025-08-29,Điện nước,3498514
2025-08-30,Điện nước,3167191
2025-08-31,Điện nước,3375017
2025-09-01,Điện nước,3397154
2025-09-02,Điện nước,3487440
2025-09-03,Điện nước,3224460
2025-09-04,Điện nước,3724815
2025-09-05,Điện nước,3257729
2025-09-06,Điện nước,3222435
2025-09-07,Điện nước,3446463
2025-09-08,Điện nước,3262168
2025-09-09,Điện nước,3194092
2025-09-10,Điện nước,3314734
2025-09-11,Điện nước,3602845
2025-09-12,Điện nước,3348047
2025-09-13,Điện nước,3676182
2025-09-14,Điện nước,3229696
2025-09-15,Điện nước,3354810
2025-09-16,Điện nước,3596850
2025-09-17,Điện nước,3438729
2025-09-18,Điện nước,3708382
2025-09-19,Điện nước,3448422
2025-09-20,Điện nước,3251866
2025-09-21,Điện nước,3747497
2025-09-22,Điện nước,3391999
2025-09-23,Điện nước,3792652
2025-09-24,Điện nước,3657948
2025-09-25,Điện nước,3576311
2025-09-26,Điện nước,3293772
2025-09-27,Điện nước,3709511
2025-09-28,Điện nước,3704834
2025-09-29,Điện nước,3819471
2025-09-30,Điện nước,3302969
2025-10-01,Điện nước,3673396
2025-10-02,Điện nước,3488912
2025-10-03,Điện nước,3366662
2025-10-04,Điện nước,3386436
2025-10-05,Điện nước,3564964
2025-10-06,Điện nước,3377987
2025-10-07,Điện nước,3087228
2025-10-08,Điện nước,3515544
2025-10-09,Điện nước,3444858
2025-10-10,Điện nước,3073179
2025-10-11,Điện nước,3425454
2025-10-12,Điện nước,3730152
2025-10-13,Điện nước,3652908
2025-10-14,Điện nước,3675790
2025-10-15,Điện nước,3495881
2025-10-16,Điện nước,3085355
2025-10-17,Điện nước,3572063
2025-10-18,Điện nước,3399946
2025-10-19,Điện nước,3680949
2025-10-20,Điện nước,3311749
2025-10-21,Điện nước,3126953
2025-10-22,Điện nước,3087273
2025-10-23,Điện nước,3114637
2025-10-24,Điện nước,3273983
2025-10-25,Điện nước,3636897
2025-10-26,Điện nước,3433567
2025-10-27,Điện nước,3306389
2025-10-28,Điện nước,3634215
2025-10-29,Điện nước,3461884
2025-10-30,Điện nước,3398675
2025-10-31,Điện nước,3544776
2025-11-01,Điện nước,3432635
2025-11-02,Điện nước,3318292
2025-11-03,Điện nước,3326277
2025-11-04,Điện nước,3820518
2025-11-05,Điện nước,3742508
2025-11-06,Điện nước,3234059
2025-11-07,Điện nước,3201898
2025-11-08,Điện nước,3635719
2025-11-09,Điện nước,3766931
2025-11-10,Điện nước,3265229
2025-11-11,Điện nước,3800731
2025-11-12,Điện nước,3453082
2025-11-13,Điện nước,3457702
2025-11-14,Điện nước,3749110
2025-11-15,Điện nước,3423081
2025-11-16,Điện nước,3501573
2025-11-17,Điện nước,3223403
2025-11-18,Điện nước,3438873
2025-11-19,Điện nước,3749451
2025-11-20,Điện nước,3165651
2025-11-21,Điện nước,3807133
2025-11-22,Điện nước,3220784
2025-11-23,Điện nước,3847920
2025-11-24,Điện nước,3219175
2025-11-25,Điện nước,3249458
2025-11-26,Điện nước,3645464
2025-11-27,Điện nước,3602944
2025-11-28,Điện nước,3388311
2025-11-29,Điện nước,3772124
2025-11-30,Điện nước,3331817
2025-12-01,Điện nước,3470951
2025-12-02,Điện nước,3264930
2025-12-03,Điện nước,3450380
2025-12-04,Điện nước,3090222
2025-12-05,Điện nước,3147994
2025-12-06,Điện nước,3150900
2025-12-07,Điện nước,3386459
2025-12-08,Điện nước,3168462
2025-12-09,Điện nước,3086693
2025-12-10,Điện nước,3318045
2025-12-11,Điện nước,3615435
2025-12-12,Điện nước,3485786
2025-12-13,Điện nước,3066031
2025-12-14,Điện nước,3514110
2025-12-15,Điện nước,3160560
2025-12-16,Điện nước,3210984
2025-12-17,Điện nước,3223579
2025-12-18,Điện nước,3721268
2025-12-19,Điện nước,3270151
2025-12-20,Điện nước,3382496
2025-12-21,Điện nước,3287892
2025-12-22,Điện nước,3614548
2025-12-23,Điện nước,3219843
2025-12-24,Điện nước,3365779
2025-12-25,Điện nước,3340982
2025-12-26,Điện nước,3063129
2025-12-27,Điện nước,3198453
2025-12-28,Điện nước,3271767
2025-12-29,Điện nước,3717885
2025-12-30,Điện nước,3502133
2025-12-31,Điện nước,3572053
2025-01-01,Văn phòng phẩm,3291454
2025-01-02,Văn phòng phẩm,3609541
2025-01-03,Văn phòng phẩm,3726703
2025-01-04,Văn phòng phẩm,3643996
2025-01-05,Văn phòng phẩm,3175935
2025-01-06,Văn phòng phẩm,3696533
2025-01-07,Văn phòng phẩm,3124209
2025-01-08,Văn phòng phẩm,3303219
2025-01-09,Văn phòng phẩm,3663646
2025-01-10,Văn phòng phẩm,3155809
2025-01-11,Văn phòng phẩm,3274442
2025-01-12,Văn phòng phẩm,3281971
2025-01-13,Văn phòng phẩm,3418937
2025-01-14,Văn phòng phẩm,3123760
2025-01-15,Văn phòng phẩm,3218378
2025-01-16,Văn phòng phẩm,3135662
2025-01-17,Văn phòng phẩm,3440898
2025-01-18,Văn phòng phẩm,3271595
2025-01-19,Văn phòng phẩm,3454231
2025-01-20,Văn phòng phẩm,3334950
2025-01-21,Văn phòng phẩm,3631696
2025-01-22,Văn phòng phẩm,3531226
2025-01-23,Văn phòng phẩm,3546581
2025-01-24,Văn phòng phẩm,3218364
2025-01-25,Văn phòng phẩm,3472906
2025-01-26,Văn phòng phẩm,3086032
2025-01-27,Văn phòng phẩm,3201162
2025-01-28,Văn phòng phẩm,3318261
2025-01-29,Văn phòng phẩm,3083880
2025-01-30,Văn phòng phẩm,3530812
2025-01-31,Văn phòng phẩm,3344668
2025-02-01,Văn phòng phẩm,4062522
2025-02-02,Văn phòng phẩm,4055854
2025-02-03,Văn phòng phẩm,4098434
2025-02-04,Văn phòng phẩm,3492476
2025-02-05,Văn phòng phẩm,3880581
2025-02-06,Văn phòng phẩm,3850784
2025-02-07,Văn phòng phẩm,3854327
2025-02-08,Văn phòng phẩm,3450126
2025-02-09,Văn phòng phẩm,3779438
2025-02-10,Văn phòng phẩm,3434119
2025-02-11,Văn phòng phẩm,3648005
2025-02-12,Văn phòng phẩm,3946357
2025-02-13,Văn phòng phẩm,4033763
2025-02-14,Văn phòng phẩm,3981957
2025-02-15,Văn phòng phẩm,3849168
2025-02-16,Văn phòng phẩm,3938814
2025-02-17,Văn phòng phẩm,3650204
2025-02-18,Văn phòng phẩm,4119682
2025-02-19,Văn phòng phẩm,4040968
2025-02-20,Văn phòng phẩm,3598898
2025-02-21,Văn phòng phẩm,3629820
2025-02-22,Văn phòng phẩm,3872805
2025-02-23,Văn phòng phẩm,3751347
2025-02-24,Văn phòng phẩm,3488575
2025-02-25,Văn phòng phẩm,3429738
2025-02-26,Văn phòng phẩm,3876033
2025-02-27,Văn phòng phẩm,4130520
2025-02-28,Văn phòng phẩm,3776241
2025-03-01,Văn phòng phẩm,3201569
2025-03-02,Văn phòng phẩm,3378530
2025-03-03,Văn phòng phẩm,3412384
2025-03-04,Văn phòng phẩm,3257837
2025-03-05,Văn phòng phẩm,3388018
2025-03-06,Văn phòng phẩm,3708419
2025-03-07,Văn phòng phẩm,3331839
2025-03-08,Văn phòng phẩm,3186350
2025-03-09,Văn phòng phẩm,3555436
2025-03-10,Văn phòng phẩm,3372845
2025-03-11,Văn phòng phẩm,3214023
2025-03-12,Văn phòng phẩm,3190189
2025-03-13,Văn phòng phẩm,3622838
2025-03-14,Văn phòng phẩm,3373773
2025-03-15,Văn phòng phẩm,3309455
2025-03-16,Văn phòng phẩm,3312415
2025-03-17,Văn phòng phẩm,3699178
2025-03-18,Văn phòng phẩm,3481183
2025-03-19,Văn phòng phẩm,3525006
2025-03-20,Văn phòng phẩm,3634353
2025-03-21,Văn phòng phẩm,3582956
2025-03-22,Văn phòng phẩm,3129476
2025-03-23,Văn phòng phẩm,3597893
2025-03-24,Văn phòng phẩm,3115343
2025-03-25,Văn phòng phẩm,3244688
2025-03-26,Văn phòng phẩm,3702457
2025-03-27,Văn phòng phẩm,3458066
2025-03-28,Văn phòng phẩm,3577791
2025-03-29,Văn phòng phẩm,3201022
2025-03-30,Văn phòng phẩm,3382444
2025-03-31,Văn phòng phẩm,3096796
2025-04-01,Văn phòng phẩm,3291028
2025-04-02,Văn phòng phẩm,3406228
2025-04-03,Văn phòng phẩm,3412541
2025-04-04,Văn phòng phẩm,3640965
2025-04-05,Văn phòng phẩm,3746852
2025-04-06,Văn phòng phẩm,3676911
2025-04-07,Văn phòng phẩm,3648576
2025-04-08,Văn phòng phẩm,3510790
2025-04-09,Văn phòng phẩm,3703154
2025-04-10,Văn phòng phẩm,3306120
2025-04-11,Văn phòng phẩm,3599821
2025-04-12,Văn phòng phẩm,3474588
2025-04-13,Văn phòng phẩm,3668507
2025-04-14,Văn phòng phẩm,3763189
2025-04-15,Văn phòng phẩm,3797689
2025-04-16,Văn phòng phẩm,3208960
2025-04-17,Văn phòng phẩm,3184305
2025-04-18,Văn phòng phẩm,3375133
2025-04-19,Văn phòng phẩm,3588996
2025-04-20,Văn phòng phẩm,3744064
2025-04-21,Văn phòng phẩm,3278650
2025-04-22,Văn phòng phẩm,3291516
2025-04-23,Văn phòng phẩm,3173216
2025-04-24,Văn phòng phẩm,3354618
2025-04-25,Văn phòng phẩm,3800643
2025-04-26,Văn phòng phẩm,3437048
2025-04-27,Văn phòng phẩm,3436057
2025-04-28,Văn phòng phẩm,3388547
2025-04-29,Văn phòng phẩm,3809659
2025-04-30,Văn phòng phẩm,3610519
2025-05-01,Văn phòng phẩm,3661388
2025-05-02,Văn phòng phẩm,3602091
2025-05-03,Văn phòng phẩm,3577750
2025-05-04,Văn phòng phẩm,3562351
2025-05-05,Văn phòng phẩm,3264229
2025-05-06,Văn phòng phẩm,3228561
2025-05-07,Văn phòng phẩm,3164304
2025-05-08,Văn phòng phẩm,3063421
2025-05-09,Văn phòng phẩm,3096175
2025-05-10,Văn phòng phẩm,3605208
2025-05-11,Văn phòng phẩm,3327510
2025-05-12,Văn phòng phẩm,3246530
2025-05-13,Văn phòng phẩm,3601444
2025-05-14,Văn phòng phẩm,3322383
2025-05-15,Văn phòng phẩm,3426757
2025-05-16,Văn phòng phẩm,3606429
2025-05-17,Văn phòng phẩm,3411536
2025-05-18,Văn phòng phẩm,3594685
2025-05-19,Văn phòng phẩm,3674784
2025-05-20,Văn phòng phẩm,3698679
2025-05-21,Văn phòng phẩm,3126789
2025-05-22,Văn phòng phẩm,3401275
2025-05-23,Văn phòng phẩm,3413801
2025-05-24,Văn phòng phẩm,3450475
2025-05-25,Văn phòng phẩm,3056383
2025-05-26,Văn phòng phẩm,3337825
2025-05-27,Văn phòng phẩm,3627414
2025-05-28,Văn phòng phẩm,3297282
2025-05-29,Văn phòng phẩm,3229737
2025-05-30,Văn phòng phẩm,3441519
2025-05-31,Văn phòng phẩm,3587644
2025-06-01,Văn phòng phẩm,3549909
2025-06-02,Văn phòng phẩm,3666120
2025-06-03,Văn phòng phẩm,3756012
2025-06-04,Văn phòng phẩm,3507217
2025-06-05,Văn phòng phẩm,3743050
2025-06-06,Văn phòng phẩm,3541887
2025-06-07,Văn phòng phẩm,3308192
2025-06-08,Văn phòng phẩm,3159088
2025-06-09,Văn phòng phẩm,3809644
2025-06-10,Văn phòng phẩm,3406969
2025-06-11,Văn phòng phẩm,3170941
2025-06-12,Văn phòng phẩm,3280652
2025-06-13,Văn phòng phẩm,3705019
2025-06-14,Văn phòng phẩm,3363949
2025-06-15,Văn phòng phẩm,3607759
2025-06-16,Văn phòng phẩm,3696889
2025-06-17,Văn phòng phẩm,3541526
2025-06-18,Văn phòng phẩm,3242053
2025-06-19,Văn phòng phẩm,3649197
2025-06-20,Văn phòng phẩm,3516337
2025-06-21,Văn phòng phẩm,3527424
2025-06-22,Văn phòng phẩm,3191330
2025-06-23,Văn phòng phẩm,3231286
2025-06-24,Văn phòng phẩm,3834784
2025-06-25,Văn phòng phẩm,3181725
2025-06-26,Văn phòng phẩm,3218869
2025-06-27,Văn phòng phẩm,3809609
2025-06-28,Văn phòng phẩm,3599700
2025-06-29,Văn phòng phẩm,3670750
2025-06-30,Văn phòng phẩm,3395516
2025-07-01,Văn phòng phẩm,3328786
2025-07-02,Văn phòng phẩm,3226342
2025-07-03,Văn phòng phẩm,3408964
2025-07-04,Văn phòng phẩm,3150700
2025-07-05,Văn phòng phẩm,3098910
2025-07-06,Văn phòng phẩm,3647411
2025-07-07,Văn phòng phẩm,3655062
2025-07-08,Văn phòng phẩm,3332708
2025-07-09,Văn phòng phẩm,3475161
2025-07-10,Văn phòng phẩm,3231446
2025-07-11,Văn phòng phẩm,3532139
2025-07-12,Văn phòng phẩm,3372219
2025-07-13,Văn phòng phẩm,3484557
2025-07-14,Văn phòng phẩm,3725639
2025-07-15,Văn phòng phẩm,3542527
2025-07-16,Văn phòng phẩm,3305888
2025-07-17,Văn phòng phẩm,3445161
2025-07-18,Văn phòng phẩm,3346425
2025-07-19,Văn phòng phẩm,3656676
2025-07-20,Văn phòng phẩm,3555633
2025-07-21,Văn phòng phẩm,3122796
2025-07-22,Văn phòng phẩm,3144788
2025-07-23,Văn phòng phẩm,3161782
2025-07-24,Văn phòng phẩm,3450771
2025-07-25,Văn phòng phẩm,3058400
2025-07-26,Văn phòng phẩm,3555709
2025-07-27,Văn phòng phẩm,3151380
2025-07-28,Văn phòng phẩm,3523384
2025-07-29,Văn phòng phẩm,3404171
2025-07-30,Văn phòng phẩm,3166742
2025-07-31,Văn phòng phẩm,3205169
2025-08-01,Văn phòng phẩm,3564391
2025-08-02,Văn phòng phẩm,3347060
2025-08-03,Văn phòng phẩm,3558781
2025-08-04,Văn phòng phẩm,3234933
2025-08-05,Văn phòng phẩm,3315512
2025-08-06,Văn phòng phẩm,3226525
2025-08-07,Văn phòng phẩm,3483546
2025-08-08,Văn phòng phẩm,3370676
2025-08-09,Văn phòng phẩm,3160112
2025-08-10,Văn phòng phẩm,3732662
2025-08-11,Văn phòng phẩm,3410954
2025-08-12,Văn phòng phẩm,3297501
2025-08-13,Văn phòng phẩm,3385174
2025-08-14,Văn phòng phẩm,3645306
2025-08-15,Văn phòng phẩm,3581552
2025-08-16,Văn phòng phẩm,3238323
2025-08-17,Văn phòng phẩm,3681217
2025-08-18,Văn phòng phẩm,3713140
2025-08-19,Văn phòng phẩm,3076482
2025-08-20,Văn phòng phẩm,3463953
2025-08-21,Văn phòng phẩm,3459151
2025-08-22,Văn phòng phẩm,3105340
2025-08-23,Văn phòng phẩm,3326450
2025-08-24,Văn phòng phẩm,3453983
2025-08-25,Văn phòng phẩm,3340636
2025-08-26,Văn phòng phẩm,3412270
2025-08-27,Văn phòng phẩm,3679063
2025-08-28,Văn phòng phẩm,3606503
2025-08-29,Văn phòng phẩm,3574303
2025-08-30,Văn phòng phẩm,3451870
2025-08-31,Văn phòng phẩm,3578968
2025-09-01,Văn phòng phẩm,3396628
2025-09-02,Văn phòng phẩm,3285995
2025-09-03,Văn phòng phẩm,3543607
2025-09-04,Văn phòng phẩm,3755342
2025-09-05,Văn phòng phẩm,3219350
2025-09-06,Văn phòng phẩm,3749738
2025-09-07,Văn phòng phẩm,3212270
2025-09-08,Văn phòng phẩm,3615648
2025-09-09,Văn phòng phẩm,3238495
2025-09-10,Văn phòng phẩm,3519101
2025-09-11,Văn phòng phẩm,3635189
2025-09-12,Văn phòng phẩm,3556653
2025-09-13,Văn phòng phẩm,3429304
2025-09-14,Văn phòng phẩm,3198547
2025-09-15,Văn phòng phẩm,3783709
2025-09-16,Văn phòng phẩm,3657299
2025-09-17,Văn phòng phẩm,3264343
2025-09-18,Văn phòng phẩm,3352977
2025-09-19,Văn phòng phẩm,3844298
2025-09-20,Văn phòng phẩm,3801210
2025-09-21,Văn phòng phẩm,3493937
2025-09-22,Văn phòng phẩm,3817850
2025-09-23,Văn phòng phẩm,3533387
2025-09-24,Văn phòng phẩm,3482233
2025-09-25,Văn phòng phẩm,3663970
2025-09-26,Văn phòng phẩm,3734089
2025-09-27,Văn phòng phẩm,3159375
2025-09-28,Văn phòng phẩm,3290893
2025-09-29,Văn phòng phẩm,3459092
2025-09-30,Văn phòng phẩm,3630984
2025-10-01,Văn phòng phẩm,3234501
2025-10-02,Văn phòng phẩm,3259038
2025-10-03,Văn phòng phẩm,3478770
2025-10-04,Văn phòng phẩm,3075143
2025-10-05,Văn phòng phẩm,3071820
2025-10-06,Văn phòng phẩm,3622334
2025-10-07,Văn phòng phẩm,3144029
2025-10-08,Văn phòng phẩm,3664018
2025-10-09,Văn phòng phẩm,3075413
2025-10-10,Văn phòng phẩm,3196984
2025-10-11,Văn phòng phẩm,3061771
2025-10-12,Văn phòng phẩm,3223438
2025-10-13,Văn phòng phẩm,3732171
2025-10-14,Văn phòng phẩm,3244960
2025-10-15,Văn phòng phẩm,3383907
2025-10-16,Văn phòng phẩm,3603797
2025-10-17,Văn phòng phẩm,3576564
2025-10-18,Văn phòng phẩm,3194333
2025-10-19,Văn phòng phẩm,3330777
2025-10-20,Văn phòng phẩm,3226895
2025-10-21,Văn phòng phẩm,3392327
2025-10-22,Văn phòng phẩm,3158629
2025-10-23,Văn phòng phẩm,3526961
2025-10-24,Văn phòng phẩm,3672968
2025-10-25,Văn phòng phẩm,3175133
2025-10-26,Văn phòng phẩm,3350748
2025-10-27,Văn phòng phẩm,3368001
2025-10-28,Văn phòng phẩm,3702283
2025-10-29,Văn phòng phẩm,3476003
2025-10-30,Văn phòng phẩm,3474055
2025-10-31,Văn phòng phẩm,3200731
2025-11-01,Văn phòng phẩm,3362579
2025-11-02,Văn phòng phẩm,3539546
2025-11-03,Văn phòng phẩm,3239833
2025-11-04,Văn phòng phẩm,3823503
2025-11-05,Văn phòng phẩm,3622217
2025-11-06,Văn phòng phẩm,3502850
2025-11-07,Văn phòng phẩm,3716729
2025-11-08,Văn phòng phẩm,3548541
2025-11-09,Văn phòng phẩm,3478255
2025-11-10,Văn phòng phẩm,3762771
2025-11-11,Văn phòng phẩm,3383262
2025-11-12,Văn phòng phẩm,3584053
2025-11-13,Văn phòng phẩm,3705755
2025-11-14,Văn phòng phẩm,3600016
2025-11-15,Văn phòng phẩm,3525839
2025-11-16,Văn phòng phẩm,3689782
2025-11-17,Văn phòng phẩm,3160475
2025-11-18,Văn phòng phẩm,3436955
2025-11-19,Văn phòng phẩm,3288441
2025-11-20,Văn phòng phẩm,3560221
2025-11-21,Văn phòng phẩm,3345972
2025-11-22,Văn phòng phẩm,3810541
2025-11-23,Văn phòng phẩm,3339624
2025-11-24,Văn phòng phẩm,3290061
2025-11-25,Văn phòng phẩm,3306297
2025-11-26,Văn phòng phẩm,3188505
2025-11-27,Văn phòng phẩm,3762504
2025-11-28,Văn phòng phẩm,3209328
2025-11-29,Văn phòng phẩm,3170703
2025-11-30,Văn phòng phẩm,3715217
2025-12-01,Văn phòng phẩm,3485898
2025-12-02,Văn phòng phẩm,3402293
2025-12-03,Văn phòng phẩm,3269261
2025-12-04,Văn phòng phẩm,3313754
2025-12-05,Văn phòng phẩm,3492933
2025-12-06,Văn phòng phẩm,3160102
2025-12-07,Văn phòng phẩm,3483186
2025-12-08,Văn phòng phẩm,3255664
2025-12-09,Văn phòng phẩm,3120886
2025-12-10,Văn phòng phẩm,3711462
2025-12-11,Văn phòng phẩm,3455638
2025-12-12,Văn phòng phẩm,3640278
2025-12-13,Văn phòng phẩm,3492541
2025-12-14,Văn phòng phẩm,3401437
2025-12-15,Văn phòng phẩm,3173054
2025-12-16,Văn phòng phẩm,3513957
2025-12-17,Văn phòng phẩm,3477657
2025-12-18,Văn phòng phẩm,3414643
2025-12-19,Văn phòng phẩm,3496765
2025-12-20,Văn phòng phẩm,3490847
2025-12-21,Văn phòng phẩm,3085764
2025-12-22,Văn phòng phẩm,3599188
2025-12-23,Văn phòng phẩm,3088677
2025-12-24,Văn phòng phẩm,3249146
2025-12-25,Văn phòng phẩm,3336251
2025-12-26,Văn phòng phẩm,3579618
2025-12-27,Văn phòng phẩm,3716245
2025-12-28,Văn phòng phẩm,3492818
2025-12-29,Văn phòng phẩm,3307863
2025-12-30,Văn phòng phẩm,3609322
2025-12-31,Văn phòng phẩm,3224835
2025-01-01,Bảo trì thiết bị,3702661
2025-01-02,Bảo trì thiết bị,3201329
2025-01-03,Bảo trì thiết bị,3449090
2025-01-04,Bảo trì thiết bị,3372302
2025-01-05,Bảo trì thiết bị,3152049
2025-01-06,Bảo trì thiết bị,3300313
2025-01-07,Bảo trì thiết bị,3263491
2025-01-08,Bảo trì thiết bị,3423442
2025-01-09,Bảo trì thiết bị,3301764
2025-01-10,Bảo trì thiết bị,3286901
2025-01-11,Bảo trì thiết bị,3450400
2025-01-12,Bảo trì thiết bị,3103970
2025-01-13,Bảo trì thiết bị,3167114
2025-01-14,Bảo trì thiết bị,3581546
2025-01-15,Bảo trì thiết bị,3196879
2025-01-16,Bảo trì thiết bị,3678548
2025-01-17,Bảo trì thiết bị,3425609
2025-01-18,Bảo trì thiết bị,3484207
2025-01-19,Bảo trì thiết bị,3128040
2025-01-20,Bảo trì thiết bị,3648375
2025-01-21,Bảo trì thiết bị,3436429
2025-01-22,Bảo trì thiết bị,3690817
2025-01-23,Bảo trì thiết bị,3398139
2025-01-24,Bảo trì thiết bị,3088787
2025-01-25,Bảo trì thiết bị,3166749
2025-01-26,Bảo trì thiết bị,3203906
2025-01-27,Bảo trì thiết bị,3061641
2025-01-28,Bảo trì thiết bị,3662287
2025-01-29,Bảo trì thiết bị,3307082
2025-01-30,Bảo trì thiết bị,3125927
2025-01-31,Bảo trì thiết bị,3306190
2025-02-01,Bảo trì thiết bị,3429447
2025-02-02,Bảo trì thiết bị,3931668
2025-02-03,Bảo trì thiết bị,3410902
2025-02-04,Bảo trì thiết bị,3605098
2025-02-05,Bảo trì thiết bị,4015883
2025-02-06,Bảo trì thiết bị,3749521
2025-02-07,Bảo trì thiết bị,3808930
2025-02-08,Bảo trì thiết bị,4098708
2025-02-09,Bảo trì thiết bị,3729632
2025-02-10,Bảo trì thiết bị,3449496
2025-02-11,Bảo trì thiết bị,3933237
2025-02-12,Bảo trì thiết bị,4092297
2025-02-13,Bảo trì thiết bị,3381291
2025-02-14,Bảo trì thiết bị,3830226
2025-02-15,Bảo trì thiết bị,4122260
2025-02-16,Bảo trì thiết bị,3601025
2025-02-17,Bảo trì thiết bị,3795082
2025-02-18,Bảo trì thiết bị,3625157
2025-02-19,Bảo trì thiết bị,3779952
2025-02-20,Bảo trì thiết bị,3853629
2025-02-21,Bảo trì thiết bị,3758302
2025-02-22,Bảo trì thiết bị,3463201
2025-02-23,Bảo trì thiết bị,3829628
2025-02-24,Bảo trì thiết bị,4129996
2025-02-25,Bảo trì thiết bị,3411904
2025-02-26,Bảo trì thiết bị,3626803
2025-02-27,Bảo trì thiết bị,3585942
2025-02-28,Bảo trì thiết bị,3881530
2025-03-01,Bảo trì thiết bị,3388998
2025-03-02,Bảo trì thiết bị,3413407
2025-03-03,Bảo trì thiết bị,3389319
2025-03-04,Bảo trì thiết bị,3238138
2025-03-05,Bảo trì thiết bị,3555260
2025-03-06,Bảo trì thiết bị,3246882
2025-03-07,Bảo trì thiết bị,3497176
2025-03-08,Bảo trì thiết bị,3368496
2025-03-09,Bảo trì thiết bị,3277429
2025-03-10,Bảo trì thiết bị,3204296
2025-03-11,Bảo trì thiết bị,3597887
2025-03-12,Bảo trì thiết bị,3539132
2025-03-13,Bảo trì thiết bị,3723967
2025-03-14,Bảo trì thiết bị,3524894
2025-03-15,Bảo trì thiết bị,3083395
2025-03-16,Bảo trì thiết bị,3107518
2025-03-17,Bảo trì thiết bị,3343910
2025-03-18,Bảo trì thiết bị,3289644
2025-03-19,Bảo trì thiết bị,3676540
2025-03-20,Bảo trì thiết bị,3570710
2025-03-21,Bảo trì thiết bị,3244853
2025-03-22,Bảo trì thiết bị,3726329
2025-03-23,Bảo trì thiết bị,3171632
2025-03-24,Bảo trì thiết bị,3368038
2025-03-25,Bảo trì thiết bị,3243650
2025-03-26,Bảo trì thiết bị,3697080
2025-03-27,Bảo trì thiết bị,3101011
2025-03-28,Bảo trì thiết bị,3445009
2025-03-29,Bảo trì thiết bị,3238545
2025-03-30,Bảo trì thiết bị,3555606
2025-03-31,Bảo trì thiết bị,3727604
2025-04-01,Bảo trì thiết bị,3528553
2025-04-02,Bảo trì thiết bị,3576723
2025-04-03,Bảo trì thiết bị,3843189
2025-04-04,Bảo trì thiết bị,3753774
2025-04-05,Bảo trì thiết bị,3256438
2025-04-06,Bảo trì thiết bị,3643639
2025-04-07,Bảo trì thiết bị,3351511
2025-04-08,Bảo trì thiết bị,3706651
2025-04-09,Bảo trì thiết bị,3702043
2025-04-10,Bảo trì thiết bị,3723707
2025-04-11,Bảo trì thiết bị,3618132
2025-04-12,Bảo trì thiết bị,3518646
2025-04-13,Bảo trì thiết bị,3248040
2025-04-14,Bảo trì thiết bị,3725188
2025-04-15,Bảo trì thiết bị,3730818
2025-04-16,Bảo trì thiết bị,3343141
2025-04-17,Bảo trì thiết bị,3469692
2025-04-18,Bảo trì thiết bị,3274283
2025-04-19,Bảo trì thiết bị,3693607
2025-04-20,Bảo trì thiết bị,3262082
2025-04-21,Bảo trì thiết bị,3267047
2025-04-22,Bảo trì thiết bị,3223871
2025-04-23,Bảo trì thiết bị,3639588
2025-04-24,Bảo trì thiết bị,3396814
2025-04-25,Bảo trì thiết bị,3192156
2025-04-26,Bảo trì thiết bị,3456046
2025-04-27,Bảo trì thiết bị,3450771
2025-04-28,Bảo trì thiết bị,3622399
2025-04-29,Bảo trì thiết bị,3243303
2025-04-30,Bảo trì thiết bị,3367997
2025-05-01,Bảo trì thiết bị,3489965
2025-05-02,Bảo trì thiết bị,3616286
2025-05-03,Bảo trì thiết bị,3517297
2025-05-04,Bảo trì thiết bị,3619927
2025-05-05,Bảo trì thiết bị,3539927
2025-05-06,Bảo trì thiết bị,3550860
2025-05-07,Bảo trì thiết bị,3220819
2025-05-08,Bảo trì thiết bị,3125119
2025-05-09,Bảo trì thiết bị,3298559
2025-05-10,Bảo trì thiết bị,3282290
2025-05-11,Bảo trì thiết bị,3437005
2025-05-12,Bảo trì thiết bị,3401944
2025-05-13,Bảo trì thiết bị,3105030
2025-05-14,Bảo trì thiết bị,3586037
2025-05-15,Bảo trì thiết bị,3687378
2025-05-16,Bảo trì thiết bị,3540648
2025-05-17,Bảo trì thiết bị,3719438
2025-05-18,Bảo trì thiết bị,3398505
2025-05-19,Bảo trì thiết bị,3104294
2025-05-20,Bảo trì thiết bị,3235642
2025-05-21,Bảo trì thiết bị,3535691
2025-05-22,Bảo trì thiết bị,3589614
2025-05-23,Bảo trì thiết bị,3412053
2025-05-24,Bảo trì thiết bị,3669316
2025-05-25,Bảo trì thiết bị,3238760
2025-05-26,Bảo trì thiết bị,3522259
2025-05-27,Bảo trì thiết bị,3479550
2025-05-28,Bảo trì thiết bị,3454555
2025-05-29,Bảo trì thiết bị,3523404
2025-05-30,Bảo trì thiết bị,3320331
2025-05-31,Bảo trì thiết bị,3569734
2025-06-01,Bảo trì thiết bị,3678361
2025-06-02,Bảo trì thiết bị,3306171
2025-06-03,Bảo trì thiết bị,3277756
2025-06-04,Bảo trì thiết bị,3287177
2025-06-05,Bảo trì thiết bị,3371296
2025-06-06,Bảo trì thiết bị,3400434
2025-06-07,Bảo trì thiết bị,3660441
2025-06-08,Bảo trì thiết bị,3357996
2025-06-09,Bảo trì thiết bị,3812544
2025-06-10,Bảo trì thiết bị,3545314
2025-06-11,Bảo trì thiết bị,3394500
2025-06-12,Bảo trì thiết bị,3646995
2025-06-13,Bảo trì thiết bị,3240084
2025-06-14,Bảo trì thiết bị,3424072
2025-06-15,Bảo trì thiết bị,3822249
2025-06-16,Bảo trì thiết bị,3643772
2025-06-17,Bảo trì thiết bị,3722334
2025-06-18,Bảo trì thiết bị,3841655
2025-06-19,Bảo trì thiết bị,3494112
2025-06-20,Bảo trì thiết bị,3488549
2025-06-21,Bảo trì thiết bị,3209376
2025-06-22,Bảo trì thiết bị,3398269
2025-06-23,Bảo trì thiết bị,3588346
2025-06-24,Bảo trì thiết bị,3732356
2025-06-25,Bảo trì thiết bị,3218486
2025-06-26,Bảo trì thiết bị,3458172
2025-06-27,Bảo trì thiết bị,3463721
2025-06-28,Bảo trì thiết bị,3280900
2025-06-29,Bảo trì thiết bị,3332089
2025-06-30,Bảo trì thiết bị,3482513
2025-07-01,Bảo trì thiết bị,3700916
2025-07-02,Bảo trì thiết bị,3216877
2025-07-03,Bảo trì thiết bị,3628756
2025-07-04,Bảo trì thiết bị,3179342
2025-07-05,Bảo trì thiết bị,3333943
2025-07-06,Bảo trì thiết bị,3134183
2025-07-07,Bảo trì thiết bị,3350247
2025-07-08,Bảo trì thiết bị,3089528
2025-07-09,Bảo trì thiết bị,3695811
2025-07-10,Bảo trì thiết bị,3616807
2025-07-11,Bảo trì thiết bị,3646394
2025-07-12,Bảo trì thiết bị,3564200
2025-07-13,Bảo trì thiết bị,3534635
2025-07-14,Bảo trì thiết bị,3240357
2025-07-15,Bảo trì thiết bị,3106461
2025-07-16,Bảo trì thiết bị,3294664
2025-07-17,Bảo trì thiết bị,3229018
2025-07-18,Bảo trì thiết bị,3375550
2025-07-19,Bảo trì thiết bị,3207713
2025-07-20,Bảo trì thiết bị,3291982
2025-07-21,Bảo trì thiết bị,3311442
2025-07-22,Bảo trì thiết bị,3272080
2025-07-23,Bảo trì thiết bị,3110228
2025-07-24,Bảo trì thiết bị,3477643
2025-07-25,Bảo trì thiết bị,3103628
2025-07-26,Bảo trì thiết bị,3219399
2025-07-27,Bảo trì thiết bị,3473789
2025-07-28,Bảo trì thiết bị,3599573
2025-07-29,Bảo trì thiết bị,3266671
2025-07-30,Bảo trì thiết bị,3085980
2025-07-31,Bảo trì thiết bị,3591904
2025-08-01,Bảo trì thiết bị,3258774
2025-08-02,Bảo trì thiết bị,3581845
2025-08-03,Bảo trì thiết bị,3175831
2025-08-04,Bảo trì thiết bị,3083164
2025-08-05,Bảo trì thiết bị,3597375
2025-08-06,Bảo trì thiết bị,3206749
2025-08-07,Bảo trì thiết bị,3073681
2025-08-08,Bảo trì thiết bị,3558132
2025-08-09,Bảo trì thiết bị,3201967
2025-08-10,Bảo trì thiết bị,3381660
2025-08-11,Bảo trì thiết bị,3115096
2025-08-12,Bảo trì thiết bị,3266675
2025-08-13,Bảo trì thiết bị,3209727
2025-08-14,Bảo trì thiết bị,3183780
2025-08-15,Bảo trì thiết bị,3594713
2025-08-16,Bảo trì thiết bị,3430829
2025-08-17,Bảo trì thiết bị,3235025
2025-08-18,Bảo trì thiết bị,3602332
2025-08-19,Bảo trì thiết bị,3542876
2025-08-20,Bảo trì thiết bị,3407392
2025-08-21,Bảo trì thiết bị,3174306
2025-08-22,Bảo trì thiết bị,3089379
2025-08-23,Bảo trì thiết bị,3688677
2025-08-24,Bảo trì thiết bị,3300898
2025-08-25,Bảo trì thiết bị,3344278
2025-08-26,Bảo trì thiết bị,3523712
2025-08-27,Bảo trì thiết bị,3602113
2025-08-28,Bảo trì thiết bị,3152794
2025-08-29,Bảo trì thiết bị,3300873
2025-08-30,Bảo trì thiết bị,3409157
2025-08-31,Bảo trì thiết bị,3202574
2025-09-01,Bảo trì thiết bị,3766964
2025-09-02,Bảo trì thiết bị,3409040
2025-09-03,Bảo trì thiết bị,3225721
2025-09-04,Bảo trì thiết bị,3575102
2025-09-05,Bảo trì thiết bị,3596485
2025-09-06,Bảo trì thiết bị,3257520
2025-09-07,Bảo trì thiết bị,3587805
2025-09-08,Bảo trì thiết bị,3427916
2025-09-09,Bảo trì thiết bị,3224509
2025-09-10,Bảo trì thiết bị,3854484
2025-09-11,Bảo trì thiết bị,3694967
2025-09-12,Bảo trì thiết bị,3571348
2025-09-13,Bảo trì thiết bị,3248828
2025-09-14,Bảo trì thiết bị,3451139
2025-09-15,Bảo trì thiết bị,3714524
2025-09-16,Bảo trì thiết bị,3603908
2025-09-17,Bảo trì thiết bị,3315241
2025-09-18,Bảo trì thiết bị,3355927
2025-09-19,Bảo trì thiết bị,3299223
2025-09-20,Bảo trì thiết bị,3763826
2025-09-21,Bảo trì thiết bị,3386475
2025-09-22,Bảo trì thiết bị,3640031
2025-09-23,Bảo trì thiết bị,3193166
2025-09-24,Bảo trì thiết bị,3713206
2025-09-25,Bảo trì thiết bị,3691499
2025-09-26,Bảo trì thiết bị,3580261
2025-09-27,Bảo trì thiết bị,3534964
2025-09-28,Bảo trì thiết bị,3214477
2025-09-29,Bảo trì thiết bị,3635147
2025-09-30,Bảo trì thiết bị,3790603
2025-10-01,Bảo trì thiết bị,3222928
2025-10-02,Bảo trì thiết bị,3586444
2025-10-03,Bảo trì thiết bị,3617583
2025-10-04,Bảo trì thiết bị,3660406
2025-10-05,Bảo trì thiết bị,3708480
2025-10-06,Bảo trì thiết bị,3529215
2025-10-07,Bảo trì thiết bị,3184699
2025-10-08,Bảo trì thiết bị,3727410
2025-10-09,Bảo trì thiết bị,3321126
2025-10-10,Bảo trì thiết bị,3115690
2025-10-11,Bảo trì thiết bị,3243028
2025-10-12,Bảo trì thiết bị,3327566
2025-10-13,Bảo trì thiết bị,3336151
2025-10-14,Bảo trì thiết bị,3326178
2025-10-15,Bảo trì thiết bị,3169109
2025-10-16,Bảo trì thiết bị,3591635
2025-10-17,Bảo trì thiết bị,3324162
2025-10-18,Bảo trì thiết bị,3386346
2025-10-19,Bảo trì thiết bị,3646679
2025-10-20,Bảo trì thiết bị,3316395
2025-10-21,Bảo trì thiết bị,3720358
2025-10-22,Bảo trì thiết bị,3722115
2025-10-23,Bảo trì thiết bị,3595426
2025-10-24,Bảo trì thiết bị,3205224
2025-10-25,Bảo trì thiết bị,3274407
2025-10-26,Bảo trì thiết bị,3591213
2025-10-27,Bảo trì thiết bị,3466067
2025-10-28,Bảo trì thiết bị,3523010
2025-10-29,Bảo trì thiết bị,3546768
2025-10-30,Bảo trì thiết bị,3641849
2025-10-31,Bảo trì thiết bị,3064667
2025-11-01,Bảo trì thiết bị,3521378
2025-11-02,Bảo trì thiết bị,3541743
2025-11-03,Bảo trì thiết bị,3541027
2025-11-04,Bảo trì thiết bị,3756894
2025-11-05,Bảo trì thiết bị,3253821
2025-11-06,Bảo trì thiết bị,3539075
2025-11-07,Bảo trì thiết bị,3636965
2025-11-08,Bảo trì thiết bị,3435233
2025-11-09,Bảo trì thiết bị,3288462
2025-11-10,Bảo trì thiết bị,3695721
2025-11-11,Bảo trì thiết bị,3491412
2025-11-12,Bảo trì thiết bị,3656398
2025-11-13,Bảo trì thiết bị,3182487
2025-11-14,Bảo trì thiết bị,3429500
2025-11-15,Bảo trì thiết bị,3243342
2025-11-16,Bảo trì thiết bị,3618933
2025-11-17,Bảo trì thiết bị,3260971
2025-11-18,Bảo trì thiết bị,3365638
2025-11-19,Bảo trì thiết bị,3755141
2025-11-20,Bảo trì thiết bị,3650985
2025-11-21,Bảo trì thiết bị,3594767
2025-11-22,Bảo trì thiết bị,3486714
2025-11-23,Bảo trì thiết bị,3702075
2025-11-24,Bảo trì thiết bị,3596613
2025-11-25,Bảo trì thiết bị,3603660
2025-11-26,Bảo trì thiết bị,3654596
2025-11-27,Bảo trì thiết bị,3209504
2025-11-28,Bảo trì thiết bị,3676065
2025-11-29,Bảo trì thiết bị,3482256
2025-11-30,Bảo trì thiết bị,3248740
2025-12-01,Bảo trì thiết bị,3706459
2025-12-02,Bảo trì thiết bị,3273965
2025-12-03,Bảo trì thiết bị,3511012
2025-12-04,Bảo trì thiết bị,3665581
2025-12-05,Bảo trì thiết bị,3318177
2025-12-06,Bảo trì thiết bị,3412143
2025-12-07,Bảo trì thiết bị,3731120
2025-12-08,Bảo trì thiết bị,3282890
2025-12-09,Bảo trì thiết bị,3351565
2025-12-10,Bảo trì thiết bị,3585669
2025-12-11,Bảo trì thiết bị,3245974
2025-12-12,Bảo trì thiết bị,3104855
2025-12-13,Bảo trì thiết bị,3217780
2025-12-14,Bảo trì thiết bị,3498443
2025-12-15,Bảo trì thiết bị,3692006
2025-12-16,Bảo trì thiết bị,3476882
2025-12-17,Bảo trì thiết bị,3214196
2025-12-18,Bảo trì thiết bị,3720794
2025-12-19,Bảo trì thiết bị,3263970
2025-12-20,Bảo trì thiết bị,3496926
2025-12-21,Bảo trì thiết bị,3538978
2025-12-22,Bảo trì thiết bị,3226062
2025-12-23,Bảo trì thiết bị,3198094
2025-12-24,Bảo trì thiết bị,3223602
2025-12-25,Bảo trì thiết bị,3616156
2025-12-26,Bảo trì thiết bị,3634541
2025-12-27,Bảo trì thiết bị,3623163
2025-12-28,Bảo trì thiết bị,3216798
2025-12-29,Bảo trì thiết bị,3417677
2025-12-30,Bảo trì thiết bị,3310026
2025-12-31,Bảo trì thiết bị,3411680
